<?xml version="1.0" encoding="utf-8"?>
<actor version="1">
  <castshadow/>
  <group>
    <variant frequency="1" name="Base">
      <mesh>skeletal/new/m_armor_tunic_long.dae</mesh>
      <props>
        <prop actor="props/units/heads/new/head_hele_e.xml" attachpoint="head"/>
        <prop actor="props/units/weapons/jav_loaded.xml" attachpoint="weapon_R"/>
        <prop actor="props/units/weapons/jav_ammo.xml" attachpoint="ammo"/>
      </props>
    </variant>
  </group>
  <group>
    <variant frequency="1" name="Hele Pilos Helmet-01">
      <props>
        <prop actor="props/units/helmets/hele_pilos.xml" attachpoint="helmet"/>
      </props>
    </variant>
    <variant frequency="1" name="Hele Boeotian Helmet-02">
      <props>
        <prop actor="props/units/helmets/hele_boeotian.xml" attachpoint="helmet"/>
      </props>
    </variant>
    <variant frequency="1" name="Hele Chalcidean Helmet-01">
      <props>
        <prop actor="props/units/helmets/hele_chalcidean_b1.xml" attachpoint="helmet"/>
      </props>
    </variant>
    <variant frequency="1" name="Hele Chalcidean Helmet-02">
      <props>
        <prop actor="props/units/helmets/hele_chalcidean_b2.xml" attachpoint="helmet"/>
      </props>
    </variant>
    <variant frequency="1" name="Hele Chalcidean Helmet-03">
      <props>
        <prop actor="props/units/helmets/hele_chalcidean_b3.xml" attachpoint="helmet"/>
      </props>
    </variant>
    <variant frequency="1" name="Hele Chalcidean Helmet-04">
      <props>
        <prop actor="props/units/helmets/hele_chalcidean_b4.xml" attachpoint="helmet"/>
      </props>
    </variant>
    <variant frequency="1" name="Hele Chalcidean Helmet-05">
      <props>
        <prop actor="props/units/helmets/hele_chalcidean_b5.xml" attachpoint="helmet"/>
      </props>
    </variant>
    <variant frequency="1" name="Hele Illyrian Helmet-01">
      <props>
        <prop actor="props/units/helmets/hele_illyrian_b1_crested.xml" attachpoint="helmet"/>
      </props>
    </variant>
    <variant frequency="1" name="Hele Illyrian Helmet-02">
      <props>
        <prop actor="props/units/helmets/hele_illyrian_b2_crested.xml" attachpoint="helmet"/>
      </props>
    </variant>
    <variant frequency="1" name="Hele Illyrian Helmet-03">
      <props>
        <prop actor="props/units/helmets/hele_illyrian_b3_crested.xml" attachpoint="helmet"/>
      </props>
    </variant>
  </group>
  <group>
    <variant name="psiloi_padded_01_02">
      <textures>
        <texture file="skeletal/hele/padded_psiloi_01_02.png" name="baseTex"/>
      </textures>
    </variant>
    <variant name="psiloi_padded_01_03">
      <textures>
        <texture file="skeletal/hele/padded_psiloi_01_03.png" name="baseTex"/>
      </textures>
    </variant>
    <variant name="epilektos_03">
      <textures>
        <texture file="skeletal/athen/epilektos_03.png" name="baseTex"/>
      </textures>
    </variant>
    <variant name="epilektos_08">
      <textures>
        <texture file="skeletal/athen/epilektos_08.png" name="baseTex"/>
      </textures>
    </variant>
    <variant name="epilektos_09">
      <textures>
        <texture file="skeletal/athen/epilektos_09.png" name="baseTex"/>
      </textures>
    </variant>
  </group>
  <group>
    <variant file="biped/base_skirmisher_fast.xml" name="Skirmisher-Shield-Fast" frequency="1"/>
    <variant file="biped/carry_food.xml"/>
    <variant file="biped/carry_meat.xml"/>
    <variant file="biped/carry_wood.xml"/>
    <variant file="biped/carry_stone.xml"/>
    <variant file="biped/carry_metal.xml"/>
    <variant file="biped/approach_tree.xml"/>
    <variant file="biped/approach_grain.xml"/>
    <variant file="biped/approach_fruit.xml"/>
    <variant file="biped/approach_meat.xml"/>
    <variant file="biped/approach_rock.xml"/>
    <variant file="biped/approach_ore.xml"/>
    <variant file="biped/approach_ruins.xml"/>
    <variant file="biped/approach_praise.xml"/>
  </group>
  <group>
    <variant frequency="1" name="Idle"/>
    <variant file="biped/attack_ranged_javelinist.xml"/>
    <variant file="biped/attack_capture.xml"/>
    <variant file="biped/attack_slaughter.xml"/>
    <variant file="biped/gather_tree.xml"/>
    <variant file="biped/gather_grain.xml"/>
    <variant file="biped/gather_fruit.xml"/>
    <variant file="biped/gather_meat.xml"/>
    <variant file="biped/gather_rock.xml"/>
    <variant file="biped/gather_ore.xml"/>
    <variant file="biped/gather_ruins.xml"/>
    <variant file="biped/gather_praise.xml"/>
    <variant file="biped/build.xml"/>
    <variant file="biped/build_farm.xml"/>
    <variant file="biped/death_cape_thracian.xml"/>
  </group>
  <group>
    <variant>
      <textures>
        <texture file="default_norm.png" name="normTex"/>
        <texture file="null_black.dds" name="specTex"/>
      </textures>
    </variant>
  </group>
  <material>player_trans_norm_spec.xml</material>
</actor>
