<?xml version="1.0" encoding="utf-8"?>
<actor version="1">
  <castshadow/>
  <group>
    <variant frequency="1" name="Base">
      <mesh>skeletal/new/m_armor_tunic_short.dae</mesh>
      <props>
        <prop actor="props/units/heads/new/head_numid_all.xml" attachpoint="head"/>
        <prop actor="props/units/helmets/pers_conical_b1.xml" attachpoint="helmet"/>
        <prop actor="props/units/weapons/jav_ammo.xml" attachpoint="ammo"/>
        <prop actor="props/units/shields/kush_nubian_thureos.xml" attachpoint="shield"/>
      </props>
    </variant>
  </group>
  <group>
    <variant frequency="1" name="linothorax_01_01">
      <textures>
        <texture file="skeletal/cart/linothorax_01_01.png" name="baseTex"/>
      </textures>
    </variant>
    <variant frequency="1" name="linothorax_01_03">
      <textures>
        <texture file="skeletal/cart/linothorax_01_03.png" name="baseTex"/>
      </textures>
    </variant>
    <variant frequency="1" name="padded_01_01">
      <textures>
        <texture file="skeletal/cart/padded_01_01.png" name="baseTex"/>
      </textures>
    </variant>
  </group>
  <group>
    <variant file="biped/rider/cavalry/base_javelin_fast.xml" name="Javelinist-Fast" frequency="1"/>
    <variant file="biped/rider/carry_meat.xml"/>
  </group>
  <group>
    <variant frequency="1" name="Idle"/>
    <variant file="biped/rider/cavalry/attack_ranged_javelin.xml"/>
    <variant file="biped/rider/promotion_shield.xml"/>
    <variant file="biped/rider/attack_slaughter_shield_cart.xml"/>
    <variant file="biped/gather_meat.xml"/>
    <variant file="biped/rider/death_ranged.xml"/>
  </group>
  <group>
    <variant>
      <textures>
        <texture file="default_norm.png" name="normTex"/>
        <texture file="null_black.dds" name="specTex"/>
      </textures>
    </variant>
  </group>
  <material>player_trans_norm_spec.xml</material>
</actor>
