<?xml version="1.0" encoding="utf-8"?>
<actor version="1">
  <castshadow/>
  <group>
    <variant frequency="1" name="Base">
      <mesh>skeletal/new/m_tunic_short.dae</mesh>
      <props>
        <prop actor="props/units/weapons/spear_hoplite.xml" attachpoint="weapon_R"/>
        <prop actor="props/units/heads/new/head_pers_a.xml" attachpoint="head"/>
      </props>
    </variant>
  </group>
  <group>
    <variant frequency="1" name="tunic_01_01">
      <textures>
        <texture file="skeletal/cart/tunic_01_01.png" name="baseTex"/>
      </textures>
    </variant>
    <variant frequency="1" name="tunic_01_02">
      <textures>
        <texture file="skeletal/cart/tunic_01_02.png" name="baseTex"/>
      </textures>
    </variant>
    <variant frequency="1" name="tunic_01_03">
      <textures>
        <texture file="skeletal/cart/tunic_01_03.png" name="baseTex"/>
      </textures>
    </variant>
  </group>
  <group>
    <variant file="biped/rider/cavalry/base_spearman_relax_shield_aspis_reverse.xml" name="Spearman-Relax-Shield-Aspis-Reverse" frequency="1"/>
    <variant file="biped/rider/carry_meat.xml"/>
  </group>
  <group>
     <variant frequency="1" name="Idle"/>
    <variant file="biped/rider/attack_slaughter_shield_hele.xml"/>
    <variant file="biped/rider/promotion_shield.xml"/>
    <variant file="biped/gather_meat.xml"/>
    <variant file="biped/rider/death_aspis.xml"/>
  </group>
  <group>
    <variant>
      <textures>
        <texture file="default_norm.png" name="normTex"/>
        <texture file="null_black.dds" name="specTex"/>
      </textures>
    </variant>
  </group>
  <material>player_trans_norm_spec.xml</material>
</actor>
