<?xml version="1.0" encoding="utf-8"?>
<actor version="1">
  <castshadow/>
  <group>
    <variant>
      <mesh>skeletal/new/m_tunic_short.dae</mesh>
      <props>
        <prop actor="props/units/heads/new/head_numid_all.xml" attachpoint="head"/>
        <prop actor="props/units/heads/kush_dread_hair_fem.xml" attachpoint="head"/>
        <prop actor="props/units/weapons/jav_ammo.xml" attachpoint="ammo"/>
        <prop actor="props/units/capes/rider/cape_long_player.xml" attachpoint="root"/>
        <prop actor="props/units/armor/greave_02_white_r.xml" attachpoint="leg_R"/>
        <prop actor="props/units/armor/greave_02_white_l.xml" attachpoint="leg_L"/>
      </props>
      <textures>
        <texture file="skeletal/hele/linothorax_01_spec.png" name="specTex"/>
        <texture file="default_norm.png" name="normTex"/>
      </textures>
    </variant>
  </group>
  <group>
    <variant frequency="3" name="Helmet-Conical-01">
      <props>
        <prop actor="props/units/helmets/pers_conical_a1.xml" attachpoint="helmet"/>
      </props>
    </variant>
    <variant frequency="1" name="Helmet-Thracian-01">
      <props>
        <prop actor="props/units/helmets/hele_thracian_romanized_b1.xml" attachpoint="helmet"/>
      </props>
    </variant>
    <variant frequency="1" name="Helmet-Thracian-02">
      <props>
        <prop actor="props/units/helmets/hele_thracian_romanized_b1_crested.xml" attachpoint="helmet"/>
      </props>
    </variant>
    <variant frequency="3" name="Helmet Thracian P1">
      <props>
        <prop actor="props/units/helmets/hele_thracian_romanized_p1.xml" attachpoint="helmet"/>
      </props>
    </variant>
    <variant frequency="1" name="Helmet Thracian P1 Crested">
      <props>
        <prop actor="props/units/helmets/hele_thracian_romanized_p1_crested.xml" attachpoint="helmet"/>
      </props>
    </variant>
  </group>
  <group>
    <variant frequency="3" name="Scale-1b">
      <mesh>skeletal/new/m_armor_tunic_long.dae</mesh>
      <textures>
        <texture file="skeletal/cart/scale_01_02.png" name="baseTex"/>
        <texture file="skeletal/cart/scale_01_spec.png" name="specTex"/>
        <texture file="default_norm.png" name="normTex"/>
      </textures>
    </variant>
    <variant frequency="1" name="Lamellar-1b">
      <mesh>skeletal/new/m_armor_tunic_long.dae</mesh>
      <textures>
        <texture file="skeletal/cart/lamellar_01_02.png" name="baseTex"/>
        <texture file="skeletal/hele/lamellar_01_spec.png" name="specTex"/>
        <texture file="default_norm.png" name="normTex"/>
      </textures>
    </variant>
    <variant frequency="1" name="Linothorax-1a">
      <textures>
        <texture file="skeletal/cart/linothorax_champion_01_01.png" name="baseTex"/>
      </textures>
    </variant>
    <variant frequency="1" name="Linothorax-1b">
      <textures>
        <texture file="skeletal/cart/linothorax_champion_01_02.png" name="baseTex"/>
      </textures>
    </variant>
    <variant frequency="1" name="Linothorax-1c">
      <textures>
        <texture file="skeletal/cart/linothorax_champion_01_03.png" name="baseTex"/>
      </textures>
    </variant>
  </group>
   <group>
    <variant file="biped/rider/cavalry/base_javelin_fast.xml" name="Javelinist-Fast" frequency="1"/>
    <variant file="biped/rider/carry_meat.xml"/>
  </group>
  <group>
    <variant frequency="1" name="Idle"/>
    <variant file="biped/rider/cavalry/attack_ranged_javelin.xml"/>
    <variant file="biped/rider/promotion_shield.xml"/>
    <variant file="biped/rider/attack_slaughter_shield_cart.xml"/>
    <variant file="biped/gather_meat.xml"/>
    <variant file="biped/rider/death_ranged.xml"/>
  </group>
  <material>player_trans_norm_spec.xml</material>
</actor>
