<?xml version="1.0" encoding="utf-8"?>
<actor version="1">
  <castshadow/>
  <group>
    <variant frequency="1" name="Base">
      <mesh>skeletal/new/m_tunic_short.dae</mesh>
      <props>
        <prop actor="props/units/heads/new/head_egyptian_e.xml" attachpoint="head"/>
        <prop actor="props/units/helmets/ptol_quilted_b.xml" attachpoint="helmet"/>
        <prop actor="props/units/weapons/arrow_back.xml" attachpoint="weapon_R"/>
        <prop actor="props/units/weapons/bow_short.xml" attachpoint="weapon_bow"/>
        <prop actor="props/units/quiver_hip.xml" attachpoint="sheath_L"/>
      </props>
    </variant>
  </group>
  <group>
    <variant name="judea-tunic-1a">
      <textures>
        <texture file="skeletal/jude/tunic_01_01.png" name="baseTex"/>
      </textures>
    </variant>
    <variant name="judea-tunic-1b">
      <textures>
        <texture file="skeletal/jude/tunic_01_02.png" name="baseTex"/>
      </textures>
    </variant>
    <variant name="judea-tunic-1c">
      <textures>
        <texture file="skeletal/jude/tunic_02_01.png" name="baseTex"/>
      </textures>
    </variant>
    <variant name="judea-tunic-1d">
      <textures>
        <texture file="skeletal/jude/tunic_03_01.png" name="baseTex"/>
      </textures>
    </variant>
  </group>
  <group>
    <variant file="biped/base_archer_relax.xml"/>
    <variant file="biped/carry_food.xml"/>
    <variant file="biped/carry_meat.xml"/>
    <variant file="biped/carry_wood.xml"/>
    <variant file="biped/carry_stone.xml"/>
    <variant file="biped/carry_metal.xml"/>
    <variant file="biped/approach_tree.xml"/>
    <variant file="biped/approach_grain.xml"/>
    <variant file="biped/approach_fruit.xml"/>
    <variant file="biped/approach_meat.xml"/>
    <variant file="biped/approach_rock.xml"/>
    <variant file="biped/approach_ore.xml"/>
    <variant file="biped/approach_ruins.xml"/>
    <variant file="biped/approach_praise.xml"/>
  </group>
  <group>
    <variant frequency="1" name="Idle"/>
    <variant file="biped/attack_ranged_archer_hip.xml"/>
    <variant file="biped/attack_capture.xml"/>
    <variant file="biped/attack_slaughter.xml"/>
    <variant file="biped/gather_tree.xml"/>
    <variant file="biped/gather_grain.xml"/>
    <variant file="biped/gather_fruit.xml"/>
    <variant file="biped/gather_meat.xml"/>
    <variant file="biped/gather_rock.xml"/>
    <variant file="biped/gather_ore.xml"/>
    <variant file="biped/gather_ruins.xml"/>
    <variant file="biped/gather_praise.xml"/>
    <variant file="biped/build.xml"/>
    <variant file="biped/build_farm.xml"/>
    <variant file="biped/death_infantry.xml"/>
  </group>
  <group>
    <variant>
      <textures>
        <texture file="default_norm.png" name="normTex"/>
        <texture file="null_black.dds" name="specTex"/>
      </textures>
    </variant>
  </group>
  <material>player_trans_norm_spec.xml</material>
</actor>
