<?xml version="1.0" encoding="utf-8"?>
<actor version="1">
  <castshadow/>
  <group>
    <variant frequency="1" name="Base">
      <mesh>skeletal/new/m_armor_tunic_short.dae</mesh>
      <props>
        <prop actor="props/units/heads/new/head_egyptian_e.xml" attachpoint="head"/>
       <prop actor="props/units/weapons/arrow_back.xml" attachpoint="weapon_R"/>
        <prop actor="props/units/weapons/bow_short.xml" attachpoint="weapon_bow"/>
        <prop actor="props/units/quiver_hip.xml" attachpoint="sheath_L"/>
      </props>
      <textures>
        <texture file="skeletal/ptol/linothorax_01_spec.png" name="specTex"/>
        <texture file="default_norm.png" name="normTex"/>
      </textures>
    </variant>
  </group>
  <group>
    <variant frequency="1" name="Hele Thracian Helmet-01">
      <props>
        <prop actor="props/units/helmets/hele_thracian_b2_crested.xml" attachpoint="helmet"/>
      </props>
    </variant>
    <variant frequency="1" name="Hele Thracian Helmet-02">
      <props>
        <prop actor="props/units/helmets/hele_thracian_b5_crested.xml" attachpoint="helmet"/>
      </props>
    </variant>
    <variant frequency="1" name="Hele Thracian Helmet-03">
      <props>
        <prop actor="props/units/helmets/hele_thracian_b4_crested.xml" attachpoint="helmet"/>
      </props>
    </variant>
  </group>
  <group>
    <variant frequency="1" name="Armor-Old">
      <textures>
        <texture file="skeletal/ptol/linothorax_01.png" name="baseTex"/>
      </textures>
    </variant>
    <variant frequency="1" name="Armor-Linothorax-Machimoi-01">
      <textures>
        <texture file="skeletal/ptol/linothorax_machimoi_01.png" name="baseTex"/>
      </textures>
    </variant>
    <variant frequency="1" name="Armor-Linothorax-Machimoi-02">
      <textures>
        <texture file="skeletal/ptol/linothorax_machimoi_02.png" name="baseTex"/>
      </textures>
    </variant>
  </group>
  <group>
    <variant file="biped/base_archer_relax.xml"/>
    <variant file="biped/carry_food.xml"/>
    <variant file="biped/carry_meat.xml"/>
    <variant file="biped/carry_wood.xml"/>
    <variant file="biped/carry_stone.xml"/>
    <variant file="biped/carry_metal.xml"/>
    <variant file="biped/approach_tree.xml"/>
    <variant file="biped/approach_grain.xml"/>
    <variant file="biped/approach_fruit.xml"/>
    <variant file="biped/approach_meat.xml"/>
    <variant file="biped/approach_rock.xml"/>
    <variant file="biped/approach_ore.xml"/>
    <variant file="biped/approach_ruins.xml"/>
    <variant file="biped/approach_praise.xml"/>
  </group>
  <group>
     <variant frequency="1" name="Idle"/>
    <variant file="biped/attack_ranged_archer_hip.xml"/>
    <variant file="biped/attack_capture.xml"/>
    <variant file="biped/attack_slaughter.xml"/>
    <variant file="biped/gather_tree.xml"/>
    <variant file="biped/gather_grain.xml"/>
    <variant file="biped/gather_fruit.xml"/>
    <variant file="biped/gather_meat.xml"/>
    <variant file="biped/gather_rock.xml"/>
    <variant file="biped/gather_ore.xml"/>
    <variant file="biped/gather_ruins.xml"/>
    <variant file="biped/gather_praise.xml"/>
    <variant file="biped/build.xml"/>
    <variant file="biped/build_farm.xml"/>
    <variant file="biped/death_infantry.xml"/>
  </group>
  <material>player_trans_norm_spec.xml</material>
</actor>
