{
	"type": "range",
	"radius": 60,
	"affects": ["Worker", "Field"],
	"modifications": [
		{ "value": "ResourceGatherer/Rates/food.grain", "multiply": 1.75 }
	],
	"auraName": "Farmland",
	"showDescription": 1,
	"auraDescription": "Workers +75% grain gather rate around a captured Rotary Mill.",
	"overlayIcon": "art/textures/ui/session/auras/farm_bonus.png",
	"rangeOverlay" : {
		"lineTexture": "outline_border.png",
		"lineTextureMask": "outline_border_mask.png",
		"lineThickness": 0.075
	},
	"stackable": false
}
