{
	"type": "range",
	"radius": 45,
	"affects": ["Soldier"],
	"modifications": [
		{ "value": "Attack/Melee/Damage/Hack", "multiply": 1.15 },
		{ "value": "Attack/Melee/Damage/Pierce", "multiply": 1.15 },
		{ "value": "Attack/Melee/Damage/Crush", "multiply": 1.15 },
		{ "value": "Attack/Ranged/Damage/Hack", "multiply": 1.15},
		{ "value": "Attack/Ranged/Damage/Pierce", "multiply": 1.15 },
		{ "value": "Attack/Ranged/Damage/Crush", "multiply": 1.15 },
		{ "value": "Vision/Range", "add": 15 }
	],
	"auraName": "Religious Fervor",
	"showDescription": 1,
	"auraDescription": "Soldiers +15% melee and ranged attack damage and +15 vision.",
	"overlayIcon": "art/textures/ui/session/auras/attack_bonus.png"
}
