{
	"type": "range",
	"radius": 100,
	"affects": ["Soldier"],
	"modifications": [
		{ "value": "Attack/Melee/Damage/Hack", "multiply": 1.1 },
		{ "value": "Attack/Melee/Damage/Pierce", "multiply": 1.1 },
		{ "value": "Attack/Melee/Damage/Crush", "multiply": 1.1 },
		{ "value": "Attack/Ranged/Damage/Hack", "multiply": 1.1 },
		{ "value": "Attack/Ranged/Damage/Pierce", "multiply": 1.1 },
		{ "value": "Attack/Ranged/Damage/Crush", "multiply": 1.1 },
		{ "value": "Resistance/Entity/Damage/Hack", "add": 1 },
		{ "value": "Resistance/Entity/Damage/Pierce", "add": 1 },
		{ "value": "Resistance/Entity/Damage/Crush", "add": 1 }
	],
	"auraName": "Exhortative Presence",
	"showDescription": 1,
	"auraDescription": "Soldiers +1 crush, hack, pierce resistance and +10% melee and ranged attack damage.",
	"overlayIcon": "art/textures/ui/session/auras/attack_bonus.png"
}
