{
	"type": "global",
	"affects": ["Structure"],
	"modifications": [
		{ "value": "Researcher/TechCostMultiplier/food", "multiply": 0.75 },
		{ "value": "Researcher/TechCostMultiplier/wood", "multiply": 0.75 },
		{ "value": "Researcher/TechCostMultiplier/stone", "multiply": 0.75 },
		{ "value": "Researcher/TechCostMultiplier/metal", "multiply": 0.75 },
		{ "value": "Researcher/TechCostMultiplier/time", "multiply": 0.75 }
	],
	"showDescription": 1,
	"auraDescription": "Structures −25% technology resource costs and research time.",
	"auraName": "Centre of Scholarship"
}
