{
	"type": "range",
	"radius": 50,
	"affects": ["Praetorian Guard"],
	"modifications": [
		{ "value": "UnitMotion/WalkSpeed", "multiply": 2 },
		{ "value": "Attack/Melee/RepeatTime", "multiply": 0.8 },
		{ "value": "Resistance/Entity/Damage/Hack", "add": 1.5 },
		{ "value": "Resistance/Entity/Damage/Pierce", "add": 1.5 },
		{ "value": "Resistance/Entity/Damage/Crush", "add": 2 }
	],
	"auraName": "Protector ",
	"showDescription": 1,
	"auraDescription": "Praetorian Guards 200% faster movement speed, 20% faster attack repeat, +1.5 Hack/Pierce and +2 crush resistances when in range of Fortress or Camps.",
	"overlayIcon": "art/textures/ui/session/auras/attack_bonus.png"
}
