{
	"Code": "cart",
	"Culture": "cart",
	"Music": [
		{
			"File": "Mediterranean_Waves.ogg",
			"Type": "peace"
		},
		{
			"File": "Harsh_Lands_Rugged_People.ogg",
			"Type": "peace"
		},
		{
			"File": "Peaks_of_Atlas.ogg",
			"Type": "peace"
		},
		{
			"File": "From_Every_Corner.ogg",
			"Type": "peace"
		}
	],
	"CivBonuses": [
		{
			"Name": "Commercial Acumen",
			"History": "",
			"Description": "Merchant Ships +25% trade gain."
		},
		{
			"Name": "Desirable Products",
			"History": "",
			"Description": "Docks and Markets +10% international trade bonus."
		}
	],
	"WallSets": [
		"structures/wallset_palisade",
		"structures/cart/wallset_short",
		"structures/cart/wallset_stone"
	],
	"StartEntities": [
		{
			"Template": "structures/cart/civil_centre"
		},
		{
			"Template": "units/cart/support_female_citizen",
			"Count": 4
		},
		{
			"Template": "units/cart/infantry_spearman_b",
			"Count": 2
		},
		{
			"Template": "units/cart/infantry_archer_b",
			"Count": 2
		},
		{
			"Template": "units/cart/cavalry_spearmanH_b"
		}
	],
	"AINames": [
		"Hasdrubal Barca",
		"Hasdrubal Gisco",
		"Hanno the Elder",
		"Mago Barca",
		"Hasdrubal the Fair",
		"Hanno the Great",
		"Himilco",
		"Hampsicora",
		"Hannibal Gisco",
		"Dido",
		"Xanthippus",
		"Himilco Phameas",
		"Hasdrubal the Boetharch"
	],
	"SkirmishReplacements": {
		"skirmish/units/default_infantry_ranged_b": "units/cart/infantry_archer_b",
		"skirmish/structures/default_house_10": "structures/{civ}/house"
	},
	"SelectableInGameSetup": true
}
