{
	"Code": "maur",
	"Culture": "maur",
	"Music": [
		{
			"File": "An_old_Warhorse_goes_to_Pasture.ogg",
			"Type": "peace"
		},
		{
			"File": "Land_between_the_two_Seas.ogg",
			"Type": "peace"
		},
		{
			"File": "Eastern_Dreams.ogg",
			"Type": "peace"
		},
		{
			"File": "Karmic_Confluence.ogg",
			"Type": "peace"
		},
		{
			"File": "Beyond_The_Indus.ogg",
			"Type": "peace"
		}
	],
	"CivBonuses": [],
	"WallSets": [
		"structures/wallset_palisade",
		"structures/maur/wallset_stone"
	],
	"StartEntities": [
		{
			"Template": "structures/maur/civil_centre"
		},
		{
			"Template": "units/maur/support_female_citizen",
			"Count": 4
		},
		{
			"Template": "units/maur/infantry_spearman_b",
			"Count": 2
		},
		{
			"Template": "units/maur/infantry_archer_b",
			"Count": 2
		},
		{
			"Template": "units/maur/cavalry_javelineer_b",
			"Count": 1
		},
		{
			"Template": "units/maur/support_elephant",
			"Count": 1
		}
	],
	"AINames": [
		"Bindusara Maurya",
		"Brihadratha Maurya",
		"Dasharatha Maurya",
		"Devavarman Maurya",
		"Kunala Maurya",
		"Samprati Maurya",
		"Shalishuka Maurya",
		"Shatadhanvan Maurya",
		"Tivala Maurya"
	],
	"SkirmishReplacements": {
		"skirmish/units/default_infantry_ranged_b": "units/maur/infantry_archer_b",
		"skirmish/units/special_starting_unit": "units/maur/support_elephant",
		"skirmish/structures/default_house_5": "structures/{civ}/house"
	},
	"SelectableInGameSetup": true
}
