{
	"Code": "sele",
	"Culture": "sele",
	"Music": [
		{
			"File": "Rise_of_Macedon.ogg",
			"Type": "peace"
		},
		{
			"File": "In_the_Shadow_of_Olympus.ogg",
			"Type": "peace"
		},
		{
			"File": "The_Hellespont.ogg",
			"Type": "peace"
		},
		{
			"File": "Cradle_of_Civilization.ogg",
			"Type": "peace"
		},
		{
			"File": "Expedition.ogg",
			"Type": "peace"
		},
		{
			"File": "Land_Between_Rivers.ogg",
			"Type": "peace"
		}
	],
	"CivBonuses": [],
	"WallSets": [
		"structures/wallset_palisade",
		"structures/sele/wallset_stone"
	],
	"StartEntities": [
		{
			"Template": "structures/sele/civil_centre"
		},
		{
			"Template": "units/sele/support_female_citizen",
			"Count": 4
		},
		{
			"Template": "units/sele/infantry_spearman_b",
			"Count": 2
		},
		{
			"Template": "units/sele/infantry_javelineer_b",
			"Count": 2
		},
		{
			"Template": "units/sele/cavalry_javelineer_b"
		}
	],
	"AINames": [
		"Antiochus I Soter",
		"Antiochus II Theos",
		"Seleucus II Callinicus",
		"Seleucus III Ceraunus",
		"Seleucus IV Philopator",
		"Antiochus V Eupator",
		"Demetrius I Soter",
		"Alexander I Balas",
		"Demetrius II Nicator",
		"Antiochus VI Dionysus",
		"Diodotus Tryphon",
		"Antiochus VII Sidetes",
		"Demetrius II Nicator",
		"Alexander II Zabinas",
		"Cleopatra Thea",
		"Seleucus V Philometor",
		"Antiochus VIII Grypus",
		"Antiochus IX Cyzicenus",
		"Seleucus VI Epiphanes",
		"Antiochus X Eusebes",
		"Demetrius III Eucaerus",
		"Antiochus XI Epiphanes",
		"Philip I Philadelphus",
		"Antiochus XII Dionysus",
		"Seleucus VII Kybiosaktes",
		"Antiochus XIII Asiaticus",
		"Philip II Philoromaeus"
	],
	"SkirmishReplacements": {
		"skirmish/structures/default_house_10": "structures/{civ}/house"
	},
	"SelectableInGameSetup": true
}
