{
	"Code": "spart",
	"Culture": "hele",
	"Music": [
		{
			"File": "Helen_Leaves_Sparta.ogg",
			"Type": "peace"
		},
		{
			"File": "Peaks_of_Atlas.ogg",
			"Type": "peace"
		},
		{
			"File": "Forging_a_City-State.ogg",
			"Type": "peace"
		},
		{
			"File": "The_Hellespont.ogg",
			"Type": "peace"
		},
		{
			"File": "Only_300_Stood.ogg",
			"Type": "peace"
		}
		],
	"CivBonuses": [
		

	],
	"WallSets": [
		"structures/wallset_palisade",
		"structures/spart/wallset_stone"
	],
	"StartEntities": [
		{
			"Template": "structures/spart/civil_centre"
		},
		{
			"Template": "units/spart/support_female_citizen",
			"Count": 3
		},
		{
			"Template": "units/spart/infantry_spearman_b",
			"Count": 2
		},
		{
			"Template": "units/spart/helot_javelineer",
			"Count": 2
		},
		{
			"Template": "units/spart/scout"
		},
		{
			"Template": "units/spart/champion_infantry_spear"
		},

		{	"Template": "units/spart/cavalry_spearman_b"
		}
		
	],
	"AINames": [
		"Agesilaus",
		"Agesipolis",
		"Agis II",
		"Anaxandridas",
		"Archidamus",
		"Cleomenes",
		"Dienekes",
		"Echestratus",
		"Eucleidas",
		"Eurybiades",
		"Eurycrates",
		"Gylippus",
		"Leotychidas",
		"Lysander",
		"Pausanias"
	],
	"SkirmishReplacements": {
		"skirmish/structures/default_house_10": "structures/{civ}/house",
		"skirmish/structures/default_wall_tower": "",
		"skirmish/structures/default_wall_gate": "",
		"skirmish/structures/default_wall_short": "",
		"skirmish/structures/default_wall_medium": "",
		"skirmish/structures/default_wall_long": ""
	},
	"SelectableInGameSetup": true
}
