{
	"genericName": "Woad Warriors",
	"autoResearch": true,
	"description": "Britons paint their bodies with Woad, which produces a blue color and gives them a fiercesome appearance in battle.",
	"icon": "woad_warriors.png",
	"tooltip": "All Citizen Infantry Units +5% movement speed and gain +2 loot taking, but -0.5 Hack/Pierce resistances. Javelineers +3 range.",
	"requirements": { "civ": "brit" },
	"modifications": [
		{ "value": "UnitMotion/WalkSpeed", "multiply": 1.05 },
		{ "value": "Attack/Ranged/MaxRange", "add": 3, "affects": "Javelineer" },
		{ "value": "Looter/Resource/metal", "add": 2 },
		{ "value": "Looter/Resource/stone", "add": 2 },
		{ "value": "Looter/Resource/food", "add": 2 },
		{ "value": "Looter/Resource/wood", "add": 2 },
		{ "value": "Resistance/Entity/Damage/Hack", "add": -0.5 },
		{ "value": "Resistance/Entity/Damage/Pierce", "add": -0.5 }

	],
	"affects": ["Citizen Infantry !Serf"],
	"soundComplete": "interface/alarm/alarm_upgradearmory.xml"
}
