{
	"genericName": "Superior Cavalry",
	"autoResearch": true,
	"description": "The Gauls were well-known for their effective cavalry. Celtic mercenaries were in demand throughout the Mediterranean.",
	"requirements": { "civ": "gaul" },
	"icon": "sword_cavalry.png",
	"tooltip": "Cavalry +10% melee attack damage.",
	"modifications": [
		{ "value": "Attack/Melee/Damage/Hack", "multiply": 1.1, "affects": "Melee" },
		{ "value": "Attack/Melee/Damage/Pierce", "multiply": 1.1, "affects": "Melee" },
		{ "value": "Attack/Melee/Damage/Crush", "multiply": 1.1, "affects": "Melee" }
	],
	"affects": ["Cavalry Hero"]
}
