{
	"genericName": "Woad Warriors",
	"autoResearch": true,
	"description": "Gauls paint their bodies with Woad, which produces a blue color and gives them a fiercesome appearance in battle.",
	"icon": "woad_warriors.png",
	"tooltip": "Citizen Infantry 15 vision and 5% more Hack DMG,",
	"requirements": { "civ": "gaul" },
	"modifications": [
		{ "value": "Attack/Ranged/Damage/Hack", "multiply": 1.05}, 
		{ "value": "Vision/Range", "add": 15 }
		

	],
	"affects": ["Citizen Infantry"],
	"soundComplete": "interface/alarm/alarm_upgradearmory.xml"
}
