{
	"genericName": "Nobleman Cavalry",
	"autoResearch": true,
	"description": "Mace cavalry were made up of noblemen while infantry were shepards.",
	"requirements": { "civ": "mace" },
	"icon": "sword_cavalry.png",
	"tooltip": "Cavalry +0.5 of Hack/Pierce resistance and 5% more dmg, but citizen cavalry cost +15 metal.",
	"modifications": [
		{ "value": "Resistance/Entity/Damage/Hack", "add": 0.5 },
		{ "value": "Resistance/Entity/Damage/Pierce", "add": 0.5 },
		{ "value": "Attack/Melee/Damage/Pierce", "multiply": 1.05},
		{ "value": "Attack/Melee/Damage/Hack", "multiply": 1.05},
		{ "value": "Attack/Ranged/Damage/Pierce", "multiply": 1.05},
		{ "value": "Attack/Ranged/Damage/Hack", "multiply": 1.05},
		{ "value": "Cost/Resources/metal", "add": 15, "affects": "!Hero !Champion"  }
		
	],
	"affects": ["Cavalry !PaidMerc"]
}
