{
	"genericName": "Elephant Tradition",
	"autoResearch": true,
	"description": "India is the land of the elephants. Elephant warfare originated in India and continued for millennia. It was also the source of elephants for the eastern Mediterranean. Indian kings were able to field large numbers of war elephants.",
	"requirements": { "civ": "maur" },
	"icon": "population.png",
	"tooltip": "Elephants −30% training time.",
	"modifications": [
		{ "value": "Cost/BuildTime", "multiply": 0.7 }
	],
	"affects": ["Elephant !Hero"]
}
