{
	"genericName": "Great King's Levy",
	"autoResearch": true,
	"description": "The Persians could and did levy a large number of infantry during wartime due to the sheer size of the Achaemenid Empire and the way in which it was set-up. In general the Persian infantry was well trained and fought with great tenacity. However while this was true the infantry were poor hand-to-hand, close combat fighters. Also, with the exception of the elite regiments, the Persian infantry was not a standing professional force.",
	"requirements": { "civ": "pers" },
	"icon": "population.png",
	"tooltip": "+10% maximum population limit.",
	"modifications": [
		{ "value": "Player/MaxPopulation", "multiply": 1.1 }
	]
}
