{
	"genericName": "Working class",
	"autoResearch": true,
	"description": ".",
	"requirements": { "civ": "ptol" },
	"icon": "wooden_walls.png",
	"tooltip": "Citizen Infantry units 5% faster gathering rate, 2% faster movement speed, 10% less train time and 20% less wood, but attack 10% slower, have 50% less armor and ranged units 25% less accurate.  They do not promote.",
	"modifications": [
		{"value": "ResourceGatherer/BaseSpeed", "multiply": 1.07 },
		{ "value": "Attack/Melee/RepeatTime", "multiply": 1.10 },
		{ "value": "Attack/Ranged/RepeatTime", "multiply": 1.10 },
		{ "value": "Attack/Ranged/Spread", "multiply": 1.25 },
		{ "value": "Resistance/Entity/Damage/Hack", "multiply": 0.5 },
		{ "value": "Resistance/Entity/Damage/Pierce", "multiply": 0.5 },
		{ "value": "Resistance/Entity/Damage/Crush", "multiply": 0.5 },
		{ "value": "UnitMotion/WalkSpeed", "multiply": 1.02 }


	],
	"affects": ["Serf"]
}
