{
	"genericName": "Sun-dried Mud Bricks",
	"autoResearch": true,
	"description": "Sun-dried mud bricks were a common building material in hot and dry areas, especially where wood was scarce. Although not as strong and durable as fired bricks or natural stone and vulnerable to constant rains and heavy floods, mud bricks have the advantage they are cheap and easy to produce.",
	"requirements": {
		"any": [
			{ "civ": "ptol" }
		]
	},
	"icon": "stone_blocks_brown.png",
	"tooltip": "Houses and Economic Structures 40% less health and capture points, but 40% less build time.",
	"modifications": [
		{ "value": "Health/Max", "multiply": 0.6},
		{ "value": "Cost/BuildTime", "multiply": 0.6 },
		{ "value": "Capturable/CapturePoints", "multiply": 0.6}
	],
	"affects": ["Economic !CivCentre !Naval", "House"]
}
