{
	"genericName": "Legionary Engineers",
	"autoResearch": true,
	"description": "Soldiers were well Trained to Operate Siege Engines.",
	"requirements": { "civ": "rome" },
	  "icon": "ionic_column.png",
	  "tooltip": "Siege units 10% faster repeat time, 25% shorter pack time and 10% faster movement speed.",
	  "modifications": [
		  { "value": "Attack/Ranged/RepeatTime", "multiply": 0.90},
		  { "value": "Pack/Time", "multiply": 0.75 },
		  { "value": "UnitMotion/WalkSpeed", "multiply": 1.1 }
  
		  
	  ],
	  "affects": ["Siege"]
  }
