{
	"genericName": "",
	"autoResearch": true,
	"description": "Under the constitution written by the mythical lawgiver Lycurgus, the institution of the Agoge was established, where Spartans were trained from the age of 6 to be superior warriors in defense of the Spartan state.",
	"icon": "agoge.png",
	"tooltip": "Cataphracts are available in p2 but start with -25 life, -1 of hack and peirce resistance and do 20% less dmg while costing 25% less wood in p2",
	"requirements": { "civ": "sele" },
	"modifications": [
		{ "value": "Health/Max", "add": -25},
		{ "value": "Resistance/Entity/Damage/Hack", "add": -1 },
		{ "value": "Resistance/Entity/Damage/Pierce", "add": -1 },
		{ "value": "Attack/Melee/Damage/Pierce", "multiply": 0.80},
		{ "value": "Attack/Melee/Damage/Hack", "multiply": 0.80},
		{ "value": "Cost/BuildTime", "multiply": 0.8 },
		{ "value": "Cost/Resources/wood", "multiply": 0.75 }
		

	],

	"affects": ["Champion Cavalry"]
	
}
