{
        "genericName": "Advanced aging",
        "autoResearch": true,
        "description": "The seleucid empire had a relatively short history,",
        "requirements": { "civ": "sele" },
        "icon": "stone_blocks_brown.png",
        "tooltip": "CC techs cost 10% more but 25% less research time.",
        "modifications": [
                { "value": "Researcher/TechCostMultiplier/food", "multiply": 1.1 },
                { "value": "Researcher/TechCostMultiplier/wood", "multiply": 1.1 },
                { "value": "Researcher/TechCostMultiplier/stone", "multiply": 1.1 },
                { "value": "Researcher/TechCostMultiplier/metal", "multiply": 1.1 },
                { "value": "Researcher/TechCostMultiplier/time", "multiply": 0.75 }
        ],
        "affects": ["CivilCentre"]
}
