{
	"genericName": "Born to fight",
	"autoResearch": true,
	"description": "Spartans were trained from the age of 6 to be superior warriors in defense of the Spartan state.",
	"icon": "agoge.png",
	"tooltip": "Melee Infantry 5% more dmg and gains an additional 2.5% p2 and p3 but Sparta does not have Will to Fight.",
	"requirements": { "civ": "spart" },
	"modifications": [
		{ "value": "Attack/Melee/Damage/Pierce", "multiply": 1.05},
		{ "value": "Attack/Melee/Damage/Hack", "multiply": 1.05}

	
	],

	"affects": ["Melee Infantry"]
	
}
