{
	"genericName": "Agoge",
	"autoResearch": true,
	"description": "Under the constitution written by the mythical lawgiver Lycurgus, the institution of the Agoge was established, where Spartans were trained from the age of 6 to be superior warriors in defense of the Spartan state.",
	"icon": "agoge.png",
	"tooltip": "Champion Hoplites are available in p1, and may promote to Hippeis. They attack 10% faster, take 25% less train and cost 75 food 50 wood 50 metal but have 20 life, -1 of hack and peirce resistance and do 15% less dmg.",
	"requirements": { "civ": "spart" },
	"modifications": [
		{ "value": "Attack/Melee/RepeatTime", "add": -100},
		{ "value": "Health/Max", "add": -50},
		{ "value": "Resistance/Entity/Damage/Hack", "add": -1 },
		{ "value": "Resistance/Entity/Damage/Pierce", "add": -1 },
		{ "value": "Attack/Melee/Damage/Pierce", "multiply": 0.9},
		{ "value": "Attack/Melee/Damage/Hack", "multiply": 0.9},
		{ "value": "Cost/BuildTime", "multiply": 0.75 },
		{ "value": "Cost/Resources/food", "add": -25 },
		{ "value": "Cost/Resources/metal", "add": -15 },
		{ "value": "Cost/Resources/wood", "add": -10 }
		

	],

	"affects": ["Champion Spearman"]
	
}
