{
	"genericName": "Perioeci class",
	"autoResearch": true,
	"description": "The Perioikoi were free but not citizens of Sparta. They wever viewed as second class, often sharing their harvest with Sparta and being called upon to fight despite less training and armor.",
	"requirements": { "civ": "spart" },
	"icon": "wooden_walls.png",
	"tooltip": "Melee 10% less dmg, -1.5 hack and -2 pierce resistance. Ranged 10% less dmg, 10% less accurate. However, they gather resources 5% faster, have 5% faster walk speed, cost 10 less wood and train 10% faster.",
	"modifications": [
		
		{ "value": "Resistance/Entity/Damage/Hack", "add": -1.5, "affects": "Melee" },
		{ "value": "Resistance/Entity/Damage/Pierce", "add": -1.5, "affects": "Melee" },
		{ "value": "Resistance/Entity/Damage/Hack", "add": -0.5, "affects": "Ranged" },
		{ "value": "Resistance/Entity/Damage/Pierce", "add": -1.5, "affects": "Ranged" }
	


	],
	"affects": ["Perioikoi"]
}
