{
	"TranslatedKeys": ["Title"],
	"Data":
	[
		{
			"Speed": 0.10,
			"Title": "Turtle (0.1×)"
		},
		{
			"Speed": 0.25,
			"Title": "Slow (0.25×)"
		},
		{
			"Speed": 0.50,
			"Title": "Leisurely (0.5×)"
		},
		{
			"Speed": 0.75,
			"Title": "Relaxed (0.75×)"
		},
		{
			"Speed": 1.0,
			"Title": "Normal (1×)",
			"Default": true
		},
		{
			"Speed": 1.25,
			"Title": "Fast (1.25×)"
		},
		{
			"Speed": 1.5,
			"Title": "Very Fast (1.5×)"
		},
		{
			"Speed": 2.0,
			"Title": "Insane (2×)"
		},
		{
			"Speed": 5.0,
			"Title": "Fast Forward (5×)",
			"FastForward": true
		},
		{
			"Speed": 10.0,
			"Title": "Fast Forward (10×)",
			"FastForward": true
		},
		{
			"Speed": 20.0,
			"Title": "Fast Forward (20×)",
			"FastForward": true
		}
	]
}
