{
	"PlayerData":
	[
		{
			"Name": "Gaia",
			"Civ": "gaia",
			"Color": { "r": 255, "g": 255, "b": 255 },
			"AI": "",
			"AIDiff": 3,
			"AIBehavior": "random"
		},
		{
			"Name": "Player 1",
			"Civ": "athen",
			"Color": { "r": 21, "g": 55, "b": 149 },
			"AI": "petra",
			"AIDiff": 3,
			"AIBehavior": "random"
		},
		{
			"Name": "Player 2",
			"Civ": "cart",
			"Color": { "r": 150, "g": 20, "b": 20 },
			"AI": "petra",
			"AIDiff": 3,
			"AIBehavior": "random"
		},
		{
			"Name": "Player 3",
			"Civ": "gaul",
			"Color": { "r": 86 , "g": 180, "b": 31 },
			"AI": "petra",
			"AIDiff": 3,
			"AIBehavior": "random"
		},
		{
			"Name": "Player 4",
			"Civ": "iber",
			"Color": { "r": 231, "g": 200, "b": 5 },
			"AI": "petra",
			"AIDiff": 3,
			"AIBehavior": "random"
		},
		{
			"Name": "Player 5",
			"Civ": "mace",
			"Color": { "r": 50, "g": 170, "b": 170 },
			"AI": "petra",
			"AIDiff": 3,
			"AIBehavior": "random"
		},
		{
			"Name": "Player 6",
			"Civ": "maur",
			"Color": { "r": 160, "g": 80, "b": 200 },
			"AI": "petra",
			"AIDiff": 3,
			"AIBehavior": "random"
		},
		{
			"Name": "Player 7",
			"Civ": "pers",
			"Color": { "r": 220, "g": 115, "b": 16 },
			"AI": "petra",
			"AIDiff": 3,
			"AIBehavior": "random"
		},
		{
			"Name": "Player 8",
			"Civ": "rome",
			"Color": { "r": 64, "g": 64, "b": 64 },
			"AI": "petra",
			"AIDiff": 3,
			"AIBehavior": "random"
		}
	]
}
