{
	"TranslatedKeys": ["Title", "Tooltip"],
	"Data":
	[
		{
			"Difficulty": 1,
			"Name": "Very Easy",
			"Title": "Very Easy",
			"Tooltip": "Choose this difficulty if you are discovering 0 A.D."
		},
		{
			"Difficulty": 2,
			"Name": "Easy",
			"Title": "Easy",
			"Tooltip": "Choose this difficulty if you do not like being knocked down."
		},
		{
			"Difficulty": 3,
			"Name": "Medium",
			"Title": "Medium",
			"Tooltip": "Choose this difficulty if you have already a good experience with 0 A.D.",
			"Default": true
		},
		{
			"Difficulty": 4,
			"Name": "Hard",
			"Title": "Hard",
			"Tooltip": "Choose this difficulty if you want to be really challenged."
		},
		{
			"Difficulty": 5,
			"Name": "Very Hard",
			"Title": "Very Hard",
			"Tooltip": "Choose this difficulty if you do not mind being swept out."
		}
	]
}
