<?xml version="1.0" encoding="utf-8"?>
<actor version="1">
  <castshadow/>
  <group>
    <variant>
      <mesh>skeletal/new/m_armor_tunic_short.dae</mesh>
      <props>
        <prop actor="props/units/heads/new/head_iber_su1.xml" attachpoint="head"/>
        <prop actor="props/units/weapons/spatha.xml" attachpoint="weapon_R"/>
        <prop actor="props/units/shields/iber_round_large_01_all.xml" attachpoint="shield"/>
        <prop actor="props/units/capes/rider/cape_med_player.xml" attachpoint="root"/>
      </props>
    </variant>
  </group>
  <group>
    <variant frequency="1" name="Iberian-Helmet-Chalidean-Basic">
      <props>
        <prop actor="props/units/helmets/hele_chalcidean_b6.xml" attachpoint="helmet"/>
      </props>
    </variant>
    <variant frequency="1" name="Iberian-Helmet-Chalidean-Advanced">
      <props>
        <prop actor="props/units/helmets/iber_chalcidean_a2.xml" attachpoint="helmet"/>
      </props>
    </variant>
    <variant frequency="1" name="Iberian-Helmet-Montefortino-01">
      <props>
        <prop actor="props/units/helmets/iber_helmet_montefortino_01.xml" attachpoint="helmet"/>
      </props>
    </variant>
  </group>
  <group>
    <variant frequency="1" name="Iber-Scale-01-01">
      <textures>
        <texture file="skeletal/iber/scale_01_01.png" name="baseTex"/>
      </textures>
    </variant>
    <variant frequency="1" name="Iber-Scale-01-02">
      <textures>
        <texture file="skeletal/iber/scale_01_02.png" name="baseTex"/>
      </textures>
    </variant>
  </group>
  <group>
    <variant file="biped/rider/cavalry/base_swordsman_fast_ready_shield.xml" name="Swordsman-Fast-Ready-Shield" frequency="1"/>
    <variant file="biped/rider/death_shield.xml"/>
  </group>
  <group>
    <variant>
      <textures>
        <texture file="default_norm.png" name="normTex"/>
        <texture file="null_black.dds" name="specTex"/>
      </textures>
    </variant>
  </group>
  <material>player_trans_norm_spec.xml</material>
</actor>
