<?xml version="1.0" encoding="utf-8"?>
<actor version="1">
  <castshadow/>
  <group>
    <variant>
      <mesh>skeletal/new/f_dress.dae</mesh>
      <props>
        <prop actor="props/units/heads/new/head_pers_fem_1.xml" attachpoint="head"/>
        <prop actor="props/units/helmets/iber_helmet_02.xml" attachpoint="helmet"/>
        <prop actor="props/units/weapons/gladius.xml" attachpoint="weapon_R"/>
        <prop actor="props/units/weapons/sheath_falcata_e.xml" attachpoint="sheath_01_L"/>
      </props>
    </variant>
  </group>
  <group>
    <variant frequency="1" name="iber-female-1a">
      <textures>
        <texture file="skeletal/iber/dress_female_01_01.png" name="baseTex"/>
      </textures>
    </variant>
    <variant frequency="1" name="iber-female-1b">
      <textures>
        <texture file="skeletal/iber/dress_female_01_02.png" name="baseTex"/>
      </textures>
    </variant>
    <variant frequency="1" name="iber-female-1c">
      <textures>
        <texture file="skeletal/iber/dress_female_01_03.png" name="baseTex"/>
      </textures>
    </variant>
    <variant frequency="3" name="iber-female-1d">
      <textures>
        <texture file="skeletal/iber/dress_female_01_04.png" name="baseTex"/>
      </textures>
    </variant>
  </group>
  <group>
    <variant file="biped/female_base_walk.xml"/>
    <variant file="biped/female_carry_food.xml"/>
    <variant file="biped/female_carry_meat.xml"/>
    <variant file="biped/female_carry_wood.xml"/>
    <variant file="biped/female_carry_stone.xml"/>
    <variant file="biped/female_carry_metal.xml"/>
    <variant file="biped/approach_tree.xml"/>
    <variant file="biped/approach_grain.xml"/>
    <variant file="biped/approach_fruit.xml"/>
    <variant file="biped/approach_meat.xml"/>
    <variant file="biped/approach_rock.xml"/>
    <variant file="biped/approach_ore.xml"/>
    <variant file="biped/approach_ruins.xml"/>
    <variant file="biped/approach_praise.xml"/>
  </group>
  <group>
    <variant frequency="1" name="Idle"/>
    <variant file="biped/attack_melee_female.xml"/>
    <variant file="biped/attack_slaughter.xml"/>
    <variant file="biped/female_death.xml"/>
    <variant file="biped/female_gather_tree.xml"/>
    <variant file="biped/female_gather_grain.xml"/>
    <variant file="biped/female_gather_fruit.xml"/>
    <variant file="biped/female_gather_meat.xml"/>
    <variant file="biped/female_gather_rock.xml"/>
    <variant file="biped/female_gather_ore.xml"/>
    <variant file="biped/female_gather_ruins.xml"/>
    <variant file="biped/gather_praise.xml"/>
    <variant file="biped/female_build.xml"/>
    <variant file="biped/female_build_farm.xml"/>
  </group>
  <group>
    <variant>
      <textures>
        <texture file="default_norm.png" name="normTex"/>
        <texture file="null_black.dds" name="specTex"/>
      </textures>
    </variant>
  </group>
  <material>player_trans_norm_spec.xml</material>
</actor>
