<?xml version="1.0" encoding="utf-8"?>
<actor version="1">
  <castshadow/>
  <group>
    <variant frequency="1" name="Base">
      <mesh>skeletal/new/m_armor_tunic_short.dae</mesh>
      <props>
        <prop actor="props/units/heads/new/head_iber_su1.xml" attachpoint="head"/>
        <prop actor="props/units/weapons/jav_loaded.xml" attachpoint="weapon_R"/>
        <prop actor="props/units/weapons/jav_ammo.xml" attachpoint="ammo"/>
        <prop actor="props/units/helmets/iber_cloth_helmet_01.xml" attachpoint="helmet"/>
        <prop actor="props/units/shields/iber_round_small_01_advanced.xml" attachpoint="shield"/>
      </props>
    </variant>
  </group>
  <group>
    <variant frequency="3" name="Iber-Padded-Leather-01-01">
      <textures>
        <texture file="skeletal/iber/padded_leather_01_01.png" name="baseTex"/>
      </textures>
    </variant>
    <variant frequency="2" name="Iber-Padded-Leather-01-02">
      <textures>
        <texture file="skeletal/iber/padded_leather_01_02.png" name="baseTex"/>
      </textures>
    </variant>
    <variant frequency="1" name="Iber-Padded-Leather-01-03">
      <textures>
        <texture file="skeletal/iber/padded_leather_01_03.png" name="baseTex"/>
      </textures>
    </variant>
    <variant frequency="1" name="Iber-Padded-Quilted-Slinger-01-01">
      <textures>
        <texture file="skeletal/iber/padded_quilted_slinger_01_01.png" name="baseTex"/>
      </textures>
    </variant>
    <variant frequency="1" name="Iber-Padded-Quilted-Slinger-01-02">
      <textures>
        <texture file="skeletal/iber/padded_quilted_slinger_01_02.png" name="baseTex"/>
      </textures>
    </variant>
    <variant frequency="1" name="Iber-Padded-Quilted-Slinger-01-03">
      <textures>
        <texture file="skeletal/iber/padded_quilted_slinger_01_03.png" name="baseTex"/>
      </textures>
    </variant>
    <variant frequency="3" name="Iber-Vest-Strap-01-01">
      <textures>
        <texture file="skeletal/iber/vest_strap_01_01.png" name="baseTex"/>
      </textures>
    </variant>
    <variant frequency="2" name="Iber-Vest-Strap-01-02">
      <textures>
        <texture file="skeletal/iber/vest_strap_01_02.png" name="baseTex"/>
      </textures>
    </variant>
    <variant frequency="1" name="Iber-Vest-Strap-01-03">
      <textures>
        <texture file="skeletal/iber/vest_strap_01_03.png" name="baseTex"/>
      </textures>
    </variant>
  </group>
  <group>
    <variant file="biped/base_skirmisher_fast.xml" frequency="1" name="Skirmisher-Shield-Fast"/>
    <variant file="biped/carry_food.xml"/>
    <variant file="biped/carry_meat.xml"/>
    <variant file="biped/carry_wood.xml"/>
    <variant file="biped/carry_stone.xml"/>
    <variant file="biped/carry_metal.xml"/>
    <variant file="biped/approach_tree.xml"/>
    <variant file="biped/approach_grain.xml"/>
    <variant file="biped/approach_fruit.xml"/>
    <variant file="biped/approach_meat.xml"/>
    <variant file="biped/approach_rock.xml"/>
    <variant file="biped/approach_ore.xml"/>
    <variant file="biped/approach_ruins.xml"/>
    <variant file="biped/approach_praise.xml"/>
  </group>
  <group>
    <variant frequency="1" name="Idle"/>
    <variant file="biped/attack_ranged_javelinist_fire.xml"/>
    <variant file="biped/attack_capture.xml"/>
    <variant file="biped/attack_slaughter.xml"/>
    <variant file="biped/gather_tree.xml"/>
    <variant file="biped/gather_grain.xml"/>
    <variant file="biped/gather_fruit.xml"/>
    <variant file="biped/gather_meat.xml"/>
    <variant file="biped/gather_rock.xml"/>
    <variant file="biped/gather_ore.xml"/>
    <variant file="biped/gather_ruins.xml"/>
    <variant file="biped/gather_praise.xml"/>
    <variant file="biped/build.xml"/>
    <variant file="biped/build_farm.xml"/>
    <variant file="biped/death_infantry.xml"/>
  </group>
  <group>
    <variant>
      <textures>
        <texture file="default_norm.png" name="normTex"/>
        <texture file="null_black.dds" name="specTex"/>
      </textures>
    </variant>
  </group>
  <material>player_trans_norm_spec.xml</material>
</actor>
