{
	"type": "global",
	"affects": ["CivilCentre"],
	"affectedPlayers": ["MutualAlly"],
	"modifications": [
		{ "value": "Researcher/TechCostMultiplier/food", "multiply": 0.7 },
		{ "value": "Researcher/TechCostMultiplier/wood", "multiply": 0.7 },
		{ "value": "Researcher/TechCostMultiplier/stone", "multiply": 0.7 },
		{ "value": "Researcher/TechCostMultiplier/metal", "multiply": 0.7 },
		{ "value": "Researcher/TechCostMultiplier/time", "multiply": 0.5 }
	],
	"auraName": "Democracy",
	"showDescription": 1,
	"auraDescription": "Civic Center technologies −50% research time and −30% cost."
}
