{
	"type": "global",
	"affects": ["Market", "Dock"],
	"affectedPlayers": ["MutualAlly"],
	"modifications": [
		{ "value": "Researcher/TechCostMultiplier/food", "multiply": 0.75 },
		{ "value": "Researcher/TechCostMultiplier/wood", "multiply": 0.75 },
		{ "value": "Researcher/TechCostMultiplier/stone", "multiply": 0.75 },
		{ "value": "Researcher/TechCostMultiplier/metal", "multiply": 0.75 },
		{ "value": "Cost/BuildTime", "multiply": 0.5 }
	],
	"auraName": "Mercantile Culture",
	"showDescription": 1,
	"auraDescription": "Markets and Docks build 50% faster and techs from cost 25% less resources"
}
