{
	"type": "global",
	"affects": ["Forge"],
	"affectedPlayers": ["MutualAlly"],
	"modifications": [
		{ "value": "Researcher/TechCostMultiplier/food", "multiply": 0.80 },
		{ "value": "Researcher/TechCostMultiplier/wood", "multiply": 0.80 },
		{ "value": "Researcher/TechCostMultiplier/stone", "multiply": 0.80 },
		{ "value": "Researcher/TechCostMultiplier/metal", "multiply": 0.80 },
		{ "value": "Researcher/TechCostMultiplier/time", "multiply": 0.80 }
	],
	"auraName": "Products from Gaul",
	"showDescription": 1,
	"auraDescription": "Forges −20% technology resource costs and research time."
}
