{
	"type": "global",
	"affectedPlayers": ["MutualAlly"],
	"affects": ["Swordsman"],
	"description": "The most distinctive aspect of a Celtiberian soldier, was the sword (falcata). Made of high quality Spanish iron, the weapon was superb for close quarters fighting.",
	"modifications": [
		{ "value": "Attack/Melee/Damage/Hack", "multiply": 1.05 },
		{ "value": "Attack/Melee/Damage/Pierce", "multiply": 1.05 },
		{ "value": "Cost/Resources/metal", "add":-5 }
		
	],
	"auraName": "Spanish silver",
	"showDescription": 1,
	"auraDescription": "Swordsmen 5% more hack/pierce dmg and use 5 less metal."
}
