{
	"type": "global",
	"affects": ["Hero"],
	"affectedPlayers": ["MutualAlly"],
	"modifications": [
		{ "value": "Cost/Resources/food", "replace": 0 },
		{ "value": "Cost/Resources/wood", "replace": 0 },
		{ "value": "Cost/Resources/stone", "replace": 0 },
		{ "value": "Cost/Resources/metal", "replace": 0 },
		{ "value": "Attack/Melee/Damage/Pierce", "multiply": 1.1, "affects": "Infantry Melee"},
		{ "value": "Attack/Melee/Damage/Hack", "multiply": 1.1, "affects": "Infantry Melee"},
		{ "value": "Attack/Melee/Damage/Crush", "multiply": 1.1, "affects": "Infantry Melee"}
	],
	"auraName": "Peloponnesian League",
	"auraDescription": "Heroes train for free; Melee Infantry Heroes 10% more Pierce/Hack/Crush dmg."
}
