<?xml version="1.0" encoding="utf-8"?>
<actor version="1">
  <castshadow/>
  <group>
    <variant file="biped/base_jav_chariot_ready.xml">
      <mesh>skeletal/new/m_armor_pants.dae</mesh>
      <props>
        <prop actor="props/units/heads/new/head_celt.xml" attachpoint="head"/>
        <prop actor="props/units/weapons/sheath_celt_iron_e.xml" attachpoint="sheath_01_R"/>
        <prop actor="props/units/weapons/csword.xml" attachpoint="weapon_R"/>
      </props>
    </variant>
  </group>
  <group>
    <variant frequency="1" name="Celt-Shield-01">
      <props>
        <prop actor="props/units/shields/brit_shield_spear_oval_a_03.xml" attachpoint="shield"/>
      </props>
    </variant>
    <variant frequency="1" name="Celt-Shield-02">
      <props>
        <prop actor="props/units/shields/brit_shield_spear_hex_b_03.xml" attachpoint="shield"/>
      </props>
    </variant>
    <variant frequency="1" name="Celt-Shield-03">
      <props>
        <prop actor="props/units/shields/brit_shield_spear_sq_c_03.xml" attachpoint="shield"/>
      </props>
    </variant>
    <variant frequency="1" name="Celt-Shield-04">
      <props>
        <prop actor="props/units/shields/brit_shield_spear_sq_d_03.xml" attachpoint="shield"/>
      </props>
    </variant>
  </group>
  <group>
    <variant frequency="1" name="Celtic Mihovo">
      <props>
        <prop actor="props/units/helmets/celt_helmet_mihovo.xml" attachpoint="helmet"/>
      </props>
    </variant>
    <variant frequency="1" name="Celtic Meyrick">
      <props>
        <prop actor="props/units/helmets/celt_helmet_meyrick.xml" attachpoint="helmet"/>
      </props>
    </variant>
    <variant frequency="1" name="Celtic Berru Helmet-01">
      <props>
        <prop actor="props/units/helmets/celt_helmet_berru_01.xml" attachpoint="helmet"/>
      </props>
    </variant>
    <variant frequency="1" name="Celtic Berru Helmet-02">
      <props>
        <prop actor="props/units/helmets/celt_helmet_berru_02.xml" attachpoint="helmet"/>
      </props>
    </variant>
    <variant frequency="1" name="Celtic Berru Helmet-03">
      <props>
        <prop actor="props/units/helmets/celt_helmet_berru_03.xml" attachpoint="helmet"/>
      </props>
    </variant>
  </group>
  <group>
    <variant frequency="1" name="chainmail-4a">
      <textures>
        <texture file="skeletal/brit/chainmail_04_01.png" name="baseTex"/>
        <texture file="skeletal/celt/chainmail_04_spec.png" name="specTex"/>
        <texture file="default_norm.png" name="normTex"/>
      </textures>
    </variant>
    <variant frequency="1" name="chainmail-4b">
      <textures>
        <texture file="skeletal/brit/chainmail_04_02.png" name="baseTex"/>
        <texture file="skeletal/celt/chainmail_04_spec.png" name="specTex"/>
        <texture file="default_norm.png" name="normTex"/>
      </textures>
    </variant>
    <variant frequency="1" name="chainmail-4c">
      <textures>
        <texture file="skeletal/brit/chainmail_04_03.png" name="baseTex"/>
        <texture file="skeletal/celt/chainmail_04_spec.png" name="specTex"/>
        <texture file="default_norm.png" name="normTex"/>
      </textures>
    </variant>
  </group>
  <group>
    <variant file="biped/rider/cavalry/base_swordsman_fast_ready_shield.xml" name="Swordsman-Fast-Ready-Shield" frequency="1"/>
    <variant file="biped/rider/death_shield.xml"/>
  </group>
  <material>player_trans_norm_spec.xml</material>
</actor>
