<?xml version="1.0" encoding="utf-8"?>
<actor version="1">
  <castshadow/>
  <group>
    <variant>
      <animations>
        <animation file="mechanical/chariot_idle.dae" name="Idle" id="idle1" speed="80"/>
        <animation file="mechanical/chariot_idle.dae" name="Idle" id="idle2" speed="80"/>
        <animation file="mechanical/chariot_idle.dae" name="Idle" id="idle3" speed="80"/>
        <animation file="mechanical/chariot_move.dae" name="Walk" speed="7"/>
        <animation file="mechanical/chariot_move.dae" name="Run" speed="7"/>
        <animation file="mechanical/chariot_death.dae" name="Death" id="death1" speed="100"/>
        <animation file="mechanical/chariot_death.dae" name="Death" id="death2" speed="100"/>
        <animation file="mechanical/chariot_idle.dae" name="attack_ranged" speed="80"/>
      </animations>
      <mesh>structural/celt_char_a.dae</mesh>
      <props>
        <prop actor="units/britons/chariot_javelinist_c_h1.xml" attachpoint="horse2"/>
        <prop actor="units/britons/chariot_javelinist_c_h2.xml" attachpoint="horse3"/>
        <prop actor="units/britons/chariot_javelinist_c_d.xml" attachpoint="driver2_mid"/>
      </props>
      <textures>
        <texture file="structural/celt_chariot_a.dds" name="baseTex"/>
        <texture file="default_norm.png" name="normTex"/>
        <texture file="null_black.dds" name="specTex"/>
      </textures>
    </variant>
  </group>
  <group>
    <variant frequency="1" name="Idle"/>
    <variant name="Run">
      <props>
        <prop actor="particle/dust_cav.xml" attachpoint="root"/>
      </props>
    </variant>
  </group>
  <material>player_trans_norm_spec.xml</material>
</actor>
