<?xml version="1.0" encoding="utf-8"?>
<actor version="1">
  <castshadow/>
  <group>
    <variant>
      <mesh>skeletal/new/m_naked.dae</mesh>
      <props>
        <prop actor="props/units/heads/new/head_celt.xml" attachpoint="head"/>
        <prop actor="props/units/weapons/spear.xml" attachpoint="weapon_R"/>
      </props>
    </variant>
  </group>
  <group>
    <variant frequency="6" name="No helmet 1">
      <props>
        <prop actor="" attachpoint="helmet"/>
        <prop actor="props/units/heads/new/head_celt_fanatic.xml" attachpoint="head"/>
      </props>
    </variant>
    <variant frequency="6" name="No helmet 2">
      <props>
        <prop actor="" attachpoint="helmet"/>
        <prop actor="props/units/heads/new/head_lime.xml" attachpoint="head"/>
      </props>
    </variant>
    <variant frequency="1" name="Celtic Ciumesti Helmet1">
      <props>
        <prop actor="props/units/helmets/celt_helmet_ciumesti_01.xml" attachpoint="helmet"/>
      </props>
    </variant>
    <variant frequency="1" name="Celtic Ciumesti Helmet2">
      <props>
        <prop actor="props/units/helmets/celt_helmet_ciumesti_02.xml" attachpoint="helmet"/>
      </props>
    </variant>
    <variant frequency="1" name="Celtic Berru Helmet1">
      <props>
        <prop actor="props/units/helmets/celt_helmet_berru_01.xml" attachpoint="helmet"/>
      </props>
    </variant>
    <variant frequency="1" name="Celtic Berru Helmet2">
      <props>
        <prop actor="props/units/helmets/celt_helmet_berru_02.xml" attachpoint="helmet"/>
      </props>
    </variant>
    <variant frequency="1" name="Celtic Berru Helmet3">
      <props>
        <prop actor="props/units/helmets/celt_helmet_berru_03.xml" attachpoint="helmet"/>
      </props>
    </variant>
  </group>
 <group>
    <variant name="pants-basic-1">
      <textures>
        <texture file="skeletal/gaul/pants_basic_01.png" name="baseTex"/>
      </textures>
    </variant>
    <variant name="pants-basic-2">
      <textures>
        <texture file="skeletal/gaul/pants_basic_02.png" name="baseTex"/>
      </textures>
    </variant>
    <variant name="pants-basic-3">
      <textures>
        <texture file="skeletal/gaul/pants_basic_03.png" name="baseTex"/>
      </textures>
    </variant>
    <variant name="pants-basic-4">
      <textures>
        <texture file="skeletal/gaul/pants_basic_04.png" name="baseTex"/>
      </textures>
    </variant>
    <variant name="pants-basic-5">
      <textures>
        <texture file="skeletal/gaul/pants_basic_05.png" name="baseTex"/>
      </textures>
    </variant>
    <variant name="pants-basic-6">
      <textures>
        <texture file="skeletal/gaul/pants_basic_06.png" name="baseTex"/>
      </textures>
    </variant>
  </group>
  <group>
    <variant file="biped/base_spearman_shield_relax_celt_fast.xml" name="Spearman-Shield-Relax-Fast"/>
    <variant file="biped/attack_capture.xml"/>
    <variant file="biped/attack_slaughter.xml"/>
    <variant file="biped/gather_praise.xml"/>
    <variant file="biped/death_cape_gaul.xml"/>
  </group>
  <group>
    <variant>
      <textures>
        <texture file="default_norm.png" name="normTex"/>
        <texture file="null_black.dds" name="specTex"/>
      </textures>
    </variant>
  </group>
  <material>player_trans_norm_spec.xml</material>
</actor>