{
	"type": "global",
	"affects": ["Structure"],
	"modifications": [
		{ "value": "Researcher/TechCostMultiplier/food", "multiply": 0.85 },
                { "value": "Researcher/TechCostMultiplier/wood", "multiply": 0.85 },
                { "value": "Researcher/TechCostMultiplier/stone", "multiply": 0.85 },
                { "value": "Researcher/TechCostMultiplier/metal", "multiply": 0.85 },
                { "value": "Researcher/TechCostMultiplier/time", "multiply": 0.50 }
	],
	"auraName": "Scholarship and the Arts",
	"showDescription": 1,
	"auraDescription": "Technologies -15% cost, -50% research time."
}
