{
	"type": "range",
	"radius": 40,
	"affects": ["Champion"],
	"modifications": [
		{ "value": "Attack/Capture/Capture", "add": 2 },
		{ "value": "Attack/Melee/Damage/Hack", "multiply": 1.2 },
		{ "value": "Attack/Melee/Damage/Pierce", "multiply": 1.2 },
		{ "value": "Attack/Melee/Damage/Crush", "multiply": 1.2 },
		{ "value": "Attack/Ranged/Damage/Hack", "multiply": 1.2 },
		{ "value": "Attack/Ranged/Damage/Pierce", "multiply": 1.2 },
		{ "value": "Attack/Ranged/Damage/Crush", "multiply": 1.2 },
		{ "value": "UnitMotion/WalkSpeed", "multiply": 1.1 }
	],
	"auraName": "Champion Army",
	"showDescription": 1,
	"auraDescription": "Champions +2 capture attack strength, +20% melee and ranged attack damage, +10% movement speed.",
	"overlayIcon": "art/textures/ui/session/auras/attack_bonus.png"
}
