{
	"type": "range",
	"radius": 60,
	"affects": ["Mercenary"],
	"affectedPlayers": ["Ally"],
	"modifications": [
		{ "value": "Attack/Melee/Damage/Hack", "multiply": 1.15 },
		{ "value": "Attack/Melee/Damage/Pierce", "multiply": 1.15 },
		{ "value": "Attack/Melee/Damage/Crush", "multiply": 1.15 },
		{ "value": "Attack/Ranged/Damage/Hack", "multiply": 1.15 },
		{ "value": "Attack/Ranged/Damage/Pierce", "multiply": 1.15 },
		{ "value": "Attack/Ranged/Damage/Crush", "multiply": 1.15 }
	],
	"auraName": "Subduer of Mercenaries",
	"showDescription": 1,
	"auraDescription": "Own and allied merc 15% melee and ranged attack damage.",
	"overlayIcon": "art/textures/ui/session/auras/broken_sword.png"
}
