{
	"type": "range",
	"radius": 60,
	"affects": ["Soldier", "Siege"],
	"affectedPlayers": ["Ally"],
	"modifications": [
		{ "value": "Attack/Capture/Capture", "add": 1 },
		{ "value": "Attack/Melee/Damage/Hack", "multiply": 1.2 },
		{ "value": "Attack/Melee/Damage/Pierce", "multiply": 1.2 },
		{ "value": "Attack/Melee/Damage/Crush", "multiply": 1.2 },
		{ "value": "Attack/Ranged/Damage/Hack", "multiply": 1.2 },
		{ "value": "Attack/Ranged/Damage/Pierce", "multiply": 1.2 },
		{ "value": "Attack/Ranged/Damage/Crush", "multiply": 1.2 }
	],
	"auraName": "Tactician",
	"showDescription": 1,
	"auraDescription": "Own and Allied Soldiers and Siege Engines +1 capture attack strength, +20% melee and ranged attack damage.",
	"overlayIcon": "art/textures/ui/session/auras/attack_bonus.png"
}
