{
	"type": "global",
	"affects": ["TempleOfApedemak", "ApedemakGuard"],
	"modifications": [
		{ "value": "Cost/BuildTime", "multiply": 0.70 },
		{ "value": "Cost/Resources/food", "multiply": 0.70 },
		{ "value": "Cost/Resources/wood", "multiply": 0.70 },
		{ "value": "Cost/Resources/stone", "multiply": 0.70 },
		{ "value": "Cost/Resources/metal", "multiply": 0.70 }
	],
	"auraName": "Follower of Apedemak",
	"showDescription": 1,
	"auraDescription": "Temple of Apedemak −30% resource costs and build time. Apedemak Temple Guard −30% resource costs and training time."
}
