{
	"type": "range",
	"radius": 60,
	"affects": ["Soldier","Elephant"],
	"modifications": [
		{ "value": "Attack/Melee/Damage/Hack", "multiply": 1.15 },
		{ "value": "Attack/Melee/Damage/Pierce", "multiply": 1.15 },
		{ "value": "Attack/Melee/Damage/Crush", "multiply": 1.15 },
		{ "value": "Attack/Ranged/Damage/Hack", "multiply": 1.15 },
		{ "value": "Attack/Ranged/Damage/Pierce", "multiply": 1.15 },
		{ "value": "Attack/Ranged/Damage/Crush", "multiply": 1.15 },
		{ "value": "Looter/Resource/food", "multiply": 1.5 },
		{ "value": "Looter/Resource/wood", "multiply": 1.5 },
		{ "value": "Looter/Resource/stone", "multiply": 1.5 },
		{ "value": "Looter/Resource/metal", "multiply": 1.5 }
	],
	"auraName": "Savior of Kush",
	"showDescription": 1,
	"auraDescription": "Soldiers and Elephants +15% melee and ranged attack damage, gain +50% resource loot.",
	"overlayIcon": "art/textures/ui/session/auras/attack_bonus.png"
}
