{
	"type": "range",
	"radius": 60,
	"affects": ["Siege"],
	"modifications": [
		{ "value": "Attack/Melee/Damage/Hack", "multiply": 1.2 },
		{ "value": "Attack/Melee/Damage/Pierce", "multiply": 1.2 },
		{ "value": "Attack/Melee/Damage/Crush", "multiply": 1.2 },
		{ "value": "Attack/Ranged/Damage/Hack", "multiply": 1.2 },
		{ "value": "Attack/Ranged/Damage/Pierce", "multiply": 1.2 },
		{ "value": "Attack/Ranged/Damage/Crush", "multiply": 1.2 },
		{ "value": "Attack/Ranged/MaxRange", "multiply": 1.1 },
		{ "value": "Resistance/Entity/Damage/Hack", "add": 1 },
		{ "value": "Resistance/Entity/Damage/Pierce", "add": 1 },
		{ "value": "Resistance/Entity/Damage/Crush", "add": 1 },
		{ "value": "Vision/Range", "multiply": 1.1 }
	],
	"auraName": "Besieger",
	"showDescription": 1,
	"auraDescription": "Siege Engines +1 crush, hack, pierce resistance, +20% melee and ranged attack damage, +10% ranged attack range, +10% vision range.",
	"overlayIcon": "art/textures/ui/session/auras/attack_bonus.png"
}
