{
	"type": "range",
	"radius": 45,
	"affectedPlayers": [ "Enemy" ],
	"affects": ["Soldier", "Structure"],
	"modifications": [
		{"value": "Attack/Melee/Damage/Hack","multiply": 0.9 },
		{ "value": "Attack/Melee/Damage/Pierce", "multiply": 0.9 },
		{ "value": "Attack/Melee/Damage/Crush", "multiply": 0.9 },
		{ "value": "Attack/Ranged/Damage/Hack", "multiply": 0.9 },
		{ "value": "Attack/Ranged/Damage/Pierce", "multiply": 0.9 },
		{ "value": "Attack/Ranged/Damage/Crush", "multiply": 0.9 }
	],
	"auraName": "Undefeated",
	"showDescription": 1,
	"auraDescription": "Enemy Soldiers, Structures -10% attack damage.",
	"overlayIcon": "art/textures/ui/session/auras/broken_sword.png"
}
