{
	"type": "range",
	"radius": 60,
	"affects": ["Champion"],
	"modifications": [
		{ "value": "Attack/Capture/Capture", "add": 2 },
		{ "value": "Attack/Melee/Damage/Hack", "multiply": 1.2 },
		{ "value": "Attack/Melee/Damage/Pierce", "multiply": 1.2 },
		{ "value": "Attack/Melee/Damage/Crush", "multiply": 1.2 },
		{ "value": "Attack/Ranged/Damage/Hack", "multiply": 1.2 },
		{ "value": "Attack/Ranged/Damage/Pierce", "multiply": 1.2 },
		{ "value": "Attack/Ranged/Damage/Crush", "multiply": 1.2 }
	],
	"auraName": "Rise of Macedon",
	"showDescription": 1,
	"auraDescription": "Champions +2 capture attack strength, +20% melee and ranged attack damage.",
	"overlayIcon": "art/textures/ui/session/auras/attack_bonus.png"
}
