{
	"type": "range",
	"radius": 60,
	"affects": ["Soldier"],
	"modifications": [
		{"value": "Attack/Melee/Damage/Hack","multiply": 1.1 },
		{ "value": "Attack/Melee/Damage/Pierce", "multiply": 1.1 },
		{ "value": "Attack/Melee/Damage/Crush", "multiply": 1.1 },
		{ "value": "Attack/Ranged/Damage/Hack", "multiply": 1.1 },
		{ "value": "Attack/Ranged/Damage/Pierce", "multiply": 1.1 },
		{ "value": "Attack/Ranged/Damage/Crush", "multiply": 1.1 },
		{ "value": "UnitMotion/WalkSpeed", "multiply": 1.10 }
	],
	"auraName": "Rapid Conquest",
	"showDescription": 1,
	"auraDescription": "Soldiers +10% attack damage, +10% movement speed.",
	"overlayIcon": "art/textures/ui/session/auras/attack_bonus.png"
}
