{
	"type": "range",
	"radius": 45,
	"affects": ["Cavalry"],
	"modifications": [
		{ "value": "Attack/Capture/Capture", "add": 1 },
		{ "value": "Attack/Melee/Damage/Hack", "multiply": 1.2 },
		{ "value": "Attack/Melee/Damage/Pierce", "multiply": 1.2 },
		{ "value": "Attack/Melee/Damage/Crush", "multiply": 1.2 },
		{ "value": "Attack/Ranged/Damage/Hack", "multiply": 1.2 },
		{ "value": "Attack/Ranged/Damage/Pierce", "multiply": 1.2 },
		{ "value": "Attack/Ranged/Damage/Crush", "multiply": 1.2 }
	],
	"auraName": "Forefront Leader",
	"showDescription": 1,
	"auraDescription": "Cavalry +1 capture attack strength, +20% melee and ranged attack damage.",
	"overlayIcon": "art/textures/ui/session/auras/attack_bonus.png"
}
