{
	"type": "range",
	"radius": 60,
	"affects": ["Cavalry"],
	"modifications": [
		{ "value": "Attack/Melee/Damage/Hack", "multiply": 1.15 },
		{ "value": "Attack/Melee/Damage/Pierce", "multiply": 1.15 },
		{ "value": "Attack/Melee/Damage/Crush", "multiply": 1.15 },
		{ "value": "Attack/Ranged/Damage/Hack", "multiply": 1.15 },
		{ "value": "Attack/Ranged/Damage/Pierce", "multiply": 1.15 },
		{ "value": "Attack/Ranged/Damage/Crush", "multiply": 1.15 }
	],
	"auraName": "Sword of Rome",
	"showDescription": 1,
	"auraDescription": "Cavalry +15% melee and ranged attack damage.",
	"overlayIcon": "art/textures/ui/session/auras/attack_bonus.png"
}
