{
	"type": "range",
	"radius": 45,
	"affects": ["Infantry"],
	"affectedPlayers": ["Enemy"],
	"modifications": [
		{ "value": "Attack/Melee/Damage/Hack", "multiply": 0.85 },
		{ "value": "Attack/Melee/Damage/Pierce", "multiply": 0.85 },
		{ "value": "Attack/Melee/Damage/Crush", "multiply": 0.85 },
		{ "value": "Attack/Ranged/Damage/Hack", "multiply": 0.85 },
		{ "value": "Attack/Ranged/Damage/Pierce", "multiply": 0.85 },
		{ "value": "Attack/Ranged/Damage/Crush", "multiply": 0.85 }
	],
	"auraName": "Sword of Rome",
	"showDescription": 1,
	"auraDescription": "Enemy Infantry −15% melee and ranged attack damage."
}
