{
	"type": "range",
	"radius": 35,
	"affects": ["Infantry"],
	"affectedPlayers": ["Ally"],
	"modifications": [
		{ "value": "Attack/Melee/Damage/Hack", "multiply": 1.15 },
		{ "value": "Attack/Melee/Damage/Pierce", "multiply": 1.15 },
		{ "value": "Attack/Melee/Damage/Crush", "multiply": 1.15 },
		{ "value": "Resistance/Entity/Damage/Hack", "add": 1.5 },
		{ "value": "Resistance/Entity/Damage/Pierce", "add": 1.5 },
		{ "value": "Resistance/Entity/Damage/Crush", "add": 5 },
		{ "value": "Health/Max", "add": 25, "affects": "Champion Spearman" }
		
	],
	"auraName": "Last Stand",
	"showDescription": 1,
	"auraDescription": "Own and allied infantry +15% melee attack, all Infantry +1.5Hack/Pierce resistance and +5 Crush, Champion Spearman +25 health.",
	"overlayIcon": "art/textures/ui/session/auras/attack_bonus.png"
}
