<?xml version="1.0" encoding="utf-8"?>
<actor version="1">
  <castshadow/>
  <group>
    <variant frequency="1" name="Base">
      <mesh>skeletal/new/m_tunic_short.dae</mesh>
      <props>
        <prop actor="props/units/heads/new/head_hele_a.xml" attachpoint="head"/>
        <prop actor="props/units/helmets/hele_straw_01.xml" attachpoint="helmet"/>
        <prop actor="props/units/weapons/spear_lance_cavalry.xml" attachpoint="weapon_R"/>
        <prop actor="props/units/capes/rider/cape_med_player.xml" attachpoint="root"/>
      </props>
      <textures>
        <texture file="skeletal/hele/linothorax_01_spec.png" name="specTex"/>
        <texture file="default_norm.png" name="normTex"/>
      </textures>
    </variant>
  </group>
  <group>
    <variant frequency="1" name="linothorax_01_01">
      <textures>
        <texture file="skeletal/mace/linothorax_01_01.png" name="baseTex"/>
      </textures>
    </variant>
    <variant frequency="1" name="linothorax_01_02">
      <textures>
        <texture file="skeletal/mace/linothorax_01_02.png" name="baseTex"/>
      </textures>
    </variant>
    <variant frequency="1" name="linothorax_01_09">
      <textures>
        <texture file="skeletal/mace/linothorax_01_09.png" name="baseTex"/>
      </textures>
    </variant>
  </group>
  <group>
    <variant file="biped/rider/cavalry/base_spearman_relax_reverse_02.xml" name="Spearman-Relax-Reverse-02" frequency="1"/>
    <variant file="biped/rider/carry_meat.xml"/>
  </group>
  <group>
    <variant frequency="1" name="Idle"/>
    <variant file="biped/rider/attack_slaughter_hele.xml"/>
    <variant file="biped/rider/promotion.xml"/>
    <variant file="biped/gather_meat.xml"/>
    <variant file="biped/rider/death.xml"/>
  </group>
  <material>player_trans_norm_spec.xml</material>
</actor>
