<?xml version="1.0" encoding="utf-8"?>
<actor version="1">
  <castshadow/>
  <group>
    <variant frequency="1" name="Base">
      <mesh>skeletal/new/m_tunic_short.dae</mesh>
      <props>
        <prop actor="props/units/heads/new/head_hele_a.xml" attachpoint="head"/>
        <prop actor="props/units/weapons/spear_lance_cavalry.xml" attachpoint="weapon_R"/>
        <prop actor="props/units/capes/rider/cape_med_player.xml" attachpoint="root"/>
      </props>
    </variant>
  </group>
  <group>
    <variant frequency="1" name="Greave-01">
      <props>
        <prop actor="props/units/armor/greave_07_bronze_l.xml" attachpoint="leg_L"/>
        <prop actor="props/units/armor/greave_07_bronze_r.xml" attachpoint="leg_R"/>
      </props>
    </variant>
    <variant frequency="1" name="Greave-02">
      <props>
        <prop actor="props/units/armor/greave_12_bronze_l.xml" attachpoint="leg_L"/>
        <prop actor="props/units/armor/greave_12_bronze_r.xml" attachpoint="leg_R"/>
      </props>
    </variant>
    <variant frequency="1" name="Greave-03">
      <props>
        <prop actor="props/units/armor/greave_09_bronze_l.xml" attachpoint="leg_L"/>
        <prop actor="props/units/armor/greave_09_bronze_r.xml" attachpoint="leg_R"/>
      </props>
    </variant>
    <variant frequency="1" name="Greave-04">
      <props>
        <prop actor="props/units/armor/greave_02_bronze_l.xml" attachpoint="leg_L"/>
        <prop actor="props/units/armor/greave_02_bronze_r.xml" attachpoint="leg_R"/>
      </props>
    </variant>
  </group>
  <group>
    <variant frequency="2" name="hele_boeotian_b2">
      <props>
        <prop actor="props/units/helmets/hele_boeotian_b2.xml" attachpoint="helmet"/>
      </props>
    </variant>
    <variant frequency="1" name="hele_boeotian_a_plume">
      <props>
        <prop actor="props/units/helmets/hele_boeotian_a_plume.xml" attachpoint="helmet"/>
      </props>
    </variant>
    <variant frequency="1" name="hele_boeotian_b_plume">
      <props>
        <prop actor="props/units/helmets/hele_boeotian_b_plume.xml" attachpoint="helmet"/>
      </props>
    </variant>
  </group>
  <group>
    <variant frequency="2" name="mace-scale-2a">
      <textures>
        <texture file="skeletal/mace/scale_02_01.png" name="baseTex"/>
        <texture file="skeletal/hele/scale_02_spec.png" name="specTex"/>
        <texture file="default_norm.png" name="normTex"/>
      </textures>
    </variant>
    <variant frequency="2" name="mace-scale-3a">
      <textures>
        <texture file="skeletal/mace/scale_03_01.png" name="baseTex"/>
        <texture file="skeletal/hele/scale_03_spec.png" name="specTex"/>
        <texture file="default_norm.png" name="normTex"/>
      </textures>
    </variant>
    <variant frequency="2" name="mace-scale-4a">
      <textures>
        <texture file="skeletal/mace/scale_04_01.png" name="baseTex"/>
        <texture file="skeletal/hele/scale_04_spec.png" name="specTex"/>
        <texture file="default_norm.png" name="normTex"/>
      </textures>
    </variant>
    <variant frequency="2" name="mace-lamellar-1a">
      <textures>
        <texture file="skeletal/mace/lamellar_01_01.png" name="baseTex"/>
        <texture file="skeletal/hele/lamellar_01_spec.png" name="specTex"/>
        <texture file="default_norm.png" name="normTex"/>
      </textures>
    </variant>
    <variant frequency="2" name="armor-mace/splint_01_01">
      <textures>
        <texture file="skeletal/mace/splint_01_01.png" name="baseTex"/>
        <texture file="skeletal/mace/splint_01_spec.png" name="specTex"/>
        <texture file="default_norm.png" name="normTex"/>
      </textures>
    </variant>
  </group>
  <group>
    <variant file="biped/rider/cavalry/base_spearman_relax_reverse_02.xml" name="Spearman-Relax-Reverse-02" frequency="1"/>
    <variant file="biped/rider/carry_meat.xml"/>
  </group>
  <group>
    <variant frequency="1" name="Idle"/>
    <variant file="biped/rider/attack_slaughter_hele.xml"/>
    <variant file="biped/rider/promotion.xml"/>
    <variant file="biped/gather_meat.xml"/>
    <variant file="biped/rider/death.xml"/>
  </group>
  <material>player_trans_norm_spec.xml</material>
</actor>
