{
	"genericName": "Archery Tradition",
	"description": "The Indian, Iranian, and Kushite peoples had a tradition of fine archery and a penchant for using massed archers in battle.",
	"cost": {
		"food": 250,
		"metal": 150
	},
	"requirements": {
		"all": [
			{ "tech": "phase_village" },
			{
				"any": [
					{ "civ": "kush" },
					{ "civ": "maur" },
					{ "civ": "pers" }
				]
			}
		]
	},
	"requirementsTooltip": "Unlocked in Village Phase.",
	"icon": "archery_tradition.png",
	"researchTime": 40,
	"tooltip": "Archers +6 attack range.",
	"modifications": [
		{ "value": "Attack/Ranged/MaxRange", "add": 6 }
	],
	"affects": ["Archer"],
	"soundComplete": "interface/alarm/alarm_upgradearmory.xml"
}
