{
	"genericName": "Sun Tzu's \"The Art of War\"",
	"specificName": { "han": "Sūnzǐ Bīngfǎ" },
	"description": "This famous and most important work of the Seven Military Classics teaches Han commanders everything about planning battles, maintaining armies, and defeating one's enemies.",
	"cost": {
		"food": 1200,
		"metal": 1200
	},
	"requirements": {
		"all": [
			{ "tech": "phase_city" },
			{ "civ": "han" }
		]
	},
	"requirementsTooltip": "Unlocked in City Phase.",
	"icon": "patriotism.png",
	"researchTime": 50,
	"tooltip": "All Citizen-Soldiers −20% required promotion experience.",
	"modifications": [
		{ "value": "Promotion/RequiredXp", "multiply": 0.8 }
	],
	"soundComplete": "interface/alarm/alarm_upgradearmory.xml"
}
