{
	"genericName": "Will to Fight",
	"specificName": {
		"athen": "Dynamis",
		"mace": "Dynamis",
		"ptol": "Dynamis",
		"sele": "Dynamis",
		"spart": "Dynamis"
	},
	"description": "The will to fight is crucial to victory. Inspire your troops with higher pay.",
	"cost": {
		"food": 1500,
		"wood": 1500,
		"stone": 1500,
		"metal": 1500
	},
	"requirements": {
		"all": [
			{ "tech": "phase_city" },
			{ "notciv": "han" }
		]
	},
	"requirementsTooltip": "Unlocked in City Phase.",
	"icon": "clenched_fist.png",
	"researchTime": 40,
	"tooltip": "Soldiers, Siege Engines, and Ships +25% attack damage.",
	"modifications": [
		{ "value": "Attack/Melee/Damage/Hack", "multiply": 1.25 },
		{ "value": "Attack/Melee/Damage/Pierce", "multiply": 1.25 },
		{ "value": "Attack/Melee/Damage/Crush", "multiply": 1.25 },
		{ "value": "Attack/Ranged/Damage/Hack", "multiply": 1.25 },
		{ "value": "Attack/Ranged/Damage/Pierce", "multiply": 1.25 },
		{ "value": "Attack/Ranged/Damage/Crush", "multiply": 1.25 }
 	],
	"affects": ["Ship", "Siege", "Soldier !Helot !PaidMerc !Perioikoi"],
	"soundComplete": "interface/alarm/alarm_upgradearmory.xml"
}
