{
	"genericName": "Faster Cavalry",
	"description": "Selective breading for faster cavalry.",
	"cost": {
		"food": 100
		
	},
	"requirements": { "tech": "phase_village" },
	"requirementsTooltip": "Unlocked in Village Phase.",
	"icon": "cavalry_speed.png",
	"researchTime": 15,
	"tooltip": "Cavalry +10% walk speed, but 10% more train time. Doesnt not apply to hunt cavalry.",
	"modifications": [
		{ "value": "UnitMotion/WalkSpeed", "multiply": 1.1 },
		{ "value": "Cost/BuildTime", "multiply": 1.1 }
	],
	"affects": ["Cavalry !Hunt"],
	"soundComplete": "interface/alarm/alarm_upgradearmory.xml"
}
