{
	"genericName": "Civic Center increased range",
	"description": "Fortress arrows shoot further.",
	"cost": {
		"food": 150,
		"wood": 100
	},
	"requirements": { "tech": "phase_village" },
	"requirementsTooltip": "Unlocked in Village Phase.",
	"icon": "arrow.png",
	"researchTime": 30,
	"tooltip": "Civic centers +10 vision and attack range. ",
	"modifications": [
		{ "value": "Attack/Ranged/MaxRange", "add": 10 },
		{ "value": "Vision/Range","add": 10 }
	
	],
	"affects": ["CivCentre"],
	"soundComplete": "interface/alarm/alarm_upgradearmory.xml"
}
