{
	"genericName": "Javelin Throw ",
	"description": ".",
	"cost": {
		"food": 250,
		"metal": 250
	},
	"requirements": {
		"all": [
			{ "tech": "phase_city" },
			{ "civ": "brit" }
		]
	},
	"requirementsTooltip": "Unlocked in City Phase.",
	"icon": "archery_tradition.png",
	"researchTime": 30,
	"tooltip": "Chariot Javilneers +5 range.",
	"modifications": [
		{ "value": "Attack/Ranged/MaxRange", "add": 5 }
	],
	"affects": ["Chariot"],
	"soundComplete": "interface/alarm/alarm_upgradearmory.xml"
}
