{
	"genericName": "Armor Plating",
	"cost": {
		"metal": 400,
		"food": 100
	},
	"requirements": { "tech": "phase_city" },
	"requirementsTooltip": "Unlocked in City Phase.",
	"icon": "armor_plates_gold.png",
	"researchTime": 40,
	"tooltip": "Chariots +25 health, +1.5 hack/pierce and +2 crush resistance.",
	"modifications": [
		{ "value": "Health/Max", "add": 25 },
		{ "value": "Resistance/Entity/Damage/Hack", "add": 1.5 },
		{ "value": "Resistance/Entity/Damage/Pierce", "add": 1.5 },
		{ "value": "Resistance/Entity/Damage/Crush", "add": 2 }

	],
	"affects": ["Chariot"],
	"soundComplete": "interface/alarm/alarm_upgradearmory.xml"
}
