{
	"genericName": "Colonization",
	"description": "Carthaginians established many trading centers as colonies and ultimately held dominion over 300 cities and towns in North Africa alone.",
	"cost": {
		"wood": 200,
		"metal": 200
	},
	"requirements": {
		"all": [
			{ "civ": "cart" }
		]
	},
	"icon": "political_face.png",
	"researchTime": 20,
	"tooltip": "Civic Structures (Civic Center, Temples, and Houses) −25% build time and resource costs.",
	"modifications": [
		{ "value": "Cost/BuildTime", "multiply": 0.75 },
		{ "value": "Cost/Resources/food", "multiply": 0.75 },
		{ "value": "Cost/Resources/wood", "multiply": 0.75 },
		{ "value": "Cost/Resources/stone", "multiply": 0.75 },
		{ "value": "Cost/Resources/metal", "multiply": 0.75 }
	],
	"affects": ["Civic"],
	"soundComplete": "interface/alarm/alarm_upgradearmory.xml"
}
