{
	"genericName": "Sacrificial Ritual",
	"description": "Sacrificial rituals were quite common in ancient times, whether to satisfy the gods, calm natural disasters, or even improve harvests.",
	"cost": {
		"food": 250,
		"stone": 50
	},
	"requirements": { "tech": "phase_town" },
	"requirementsTooltip": "Unlocked in Town Phase.",
	"icon": "skull_swords.png",
	"researchTime": 40,
	"tooltip": "Healers –50% training timed -25% less food.",
	"modifications": [
		{ "value": "Cost/BuildTime", "multiply": 0.5 },
		{ "value": "Cost/Resources/food", "multiply": 0.75 },
		{ "value": "Loot/metal", "replace": 0 }
	],
	"affects": ["Healer"],
	"soundComplete": "interface/alarm/alarm_upgradearmory.xml"
}
