{
	"genericName": "Deeper Mineshafts",
	"description": "Dig deeper to exploit more Silver.",
	"cost": {
		"stone": 300,
		"wood": 600
	},
	"requirements": {
		"all": [
			{ "tech": "phase_city" },
			{ "civ": "iber" }
		]
	},
	"requirementsTooltip": "Unlocked in City Phase.",
	"icon": "mining_metal_03.png",
	"researchTime": 45,
	"tooltip": "Allows the garrisoning 3 more units inside silvermines.",
	"modifications": [
		{ "value": "GarrisonHolder/Max", "add": 3 }
	],
	"soundComplete": "interface/select/resource/sel_metal.xml"
}
