{
	"genericName": "Shipwrights",
	"specificName": {
		"athen": "Naupēgoi",
		"mace": "Naupēgoi",
		"ptol": "Naupēgoi",
		"sele": "Naupēgoi",
		"spart": "Naupēgoi",
		"rome": "Faber Navalis"
	},
	"description": "Employ skilled shipwrights with specialized tools to speed up ship construction.",
	"cost": {
		"food": 200,
		"metal": 200
	},
	"requirements": {
		"tech": "phase_town"
	},
	"requirementsTooltip": "Unlocked in Town Phase.",
	"icon": "calipers.png",
	"researchTime": 40,
	"tooltip": "Docks work 20% faster (Ships −20% build time; Technologies −20% research time) and are built 20% faster.",
	"modifications": [
		{ "value": "Cost/BuildTime", "multiply": 0.8, "affects": "Ship" },
		{ "value": "Cost/BuildTime", "multiply": 0.8, "affects": "Dock" },
		{ "value": "Researcher/TechCostMultiplier/time", "multiply": 0.8, "affects": "Dock" }
	],
	"soundComplete": "interface/alarm/alarm_upgradearmory.xml"
}
