{
	"genericName": "Heavy Armor Plating",
	"cost": {
		"metal": 400,
		"food": 400
	},
	"requirements": { "tech": "phase_city" },
	"requirementsTooltip": "Unlocked in City Phase.",
	"icon": "armor_plates_gold.png",
	"researchTime": 40,
	"tooltip": "Elephants +50 health, 2.5 of each resistance.",
	"modifications": [
		{ "value": "Health/Max", "add": 50},
		{ "value": "Resistance/Entity/Damage/Hack", "add": 1.5 },
		{ "value": "Resistance/Entity/Damage/Pierce", "add": 1.5 },
		{ "value": "Resistance/Entity/Damage/Crush", "add": 2 }

	],
	"affects": ["Elephant"],
	"soundComplete": "interface/alarm/alarm_upgradearmory.xml"
}
