{
	"genericName": "Baskets",
	"description": "Workers use baskets. Increases shuttling capacity for all resources.",
	"cost": {
		"food": 200,
		"wood": 200
	},
	"requirements": { "tech": "phase_village" },
	"requirementsTooltip": "Unlocked in Village Phase.",
	"icon": "gather_basket_empty.png",
	"researchTime": 40,
	"tooltip": "Workers +5 resource capacity.",
	"modifications": [
		{ "value": "ResourceGatherer/Capacities/food", "add": 5 },
		{ "value": "ResourceGatherer/Capacities/wood", "add": 5 },
		{ "value": "ResourceGatherer/Capacities/stone", "add": 5 },
		{ "value": "ResourceGatherer/Capacities/metal", "add": 5 }
	],
	"affects": ["Worker"],
	"soundComplete": "interface/alarm/alarm_upgradearmory.xml"
}
