<?xml version="1.0" encoding="utf-8"?>
<actor version="1">
  <castshadow/>
  <group>
    <variant frequency="1" name="Base">
      <mesh>skeletal/new/m_armor_tunic_short.dae</mesh>
      <props>
        <prop actor="props/units/heads/new/head_celt.xml" attachpoint="head"/>
        <prop actor="props/units/weapons/jav_ammo.xml" attachpoint="ammo"/>
      </props>
    </variant>
  </group>
  <group>
    <variant frequency="1" name="Celtic Ciumesti Helmet-01">
      <props>
        <prop actor="props/units/helmets/celt_helmet_ciumesti_01.xml" attachpoint="helmet"/>
      </props>
    </variant>
    <variant frequency="1" name="Celtic Ciumesti Helmet-02">
      <props>
        <prop actor="props/units/helmets/celt_helmet_ciumesti_02.xml" attachpoint="helmet"/>
      </props>
    </variant>
    <variant frequency="1" name="Celtic Berru Helmet-01">
      <props>
        <prop actor="props/units/helmets/celt_helmet_berru_01.xml" attachpoint="helmet"/>
      </props>
    </variant>
    <variant frequency="1" name="Celtic Berru Helmet-02">
      <props>
        <prop actor="props/units/helmets/celt_helmet_berru_02.xml" attachpoint="helmet"/>
      </props>
    </variant>
    <variant frequency="1" name="Celtic Berru Helmet-03">
      <props>
        <prop actor="props/units/helmets/celt_helmet_berru_03.xml" attachpoint="helmet"/>
      </props>
    </variant>
  </group>
  <group>
    <variant frequency="1" name="Gallic-Linothorax-01-02">
      <textures>
        <texture file="skeletal/gaul/linothorax_01_02.png" name="baseTex"/>
      </textures>
    </variant>
    <variant frequency="1" name="Gallic-Linothorax-01-03">
      <textures>
        <texture file="skeletal/gaul/linothorax_01_03.png" name="baseTex"/>
      </textures>
    </variant>
  </group>
  <group>
    <variant file="biped/rider/cavalry/base_javelin_relax.xml" frequency="1" name="Javelinist-Relax"/>
    <variant file="biped/rider/carry_meat.xml"/>
  </group>
  <group>
    <variant frequency="1" name="Idle"/>
    <variant file="biped/rider/cavalry/attack_ranged_javelin.xml"/>
    <variant file="biped/rider/promotion_shield.xml"/>
    <variant file="biped/rider/attack_slaughter_shield_celt.xml"/>
    <variant file="biped/gather_meat.xml"/>
    <variant file="biped/rider/death_ranged.xml"/>
  </group>
  <group>
    <variant>
      <textures>
        <texture file="default_norm.png" name="normTex"/>
        <texture file="null_black.dds" name="specTex"/>
      </textures>
    </variant>
  </group>
  <material>player_trans_norm_spec.xml</material>
</actor>
