<?xml version="1.0" encoding="utf-8"?>
<actor version="1">
  <castshadow/>
  <group>
    <variant frequency="1" name="Base">
      <mesh>skeletal/new/m_armor_pants.dae</mesh>
      <props>
        <prop actor="props/units/weapons/jav_ammo.xml" attachpoint="ammo"/>
      </props>
    </variant>
  </group>
  <group>
    <variant frequency="3" name="Head-Celt">
      <props>
        <prop actor="props/units/heads/new/head_celt.xml" attachpoint="head"/>
      </props>
    </variant>
    <variant frequency="1" name="Head-Lime">
      <props>
        <prop actor="props/units/heads/new/head_lime.xml" attachpoint="head"/>
      </props>
    </variant>
  </group>
  <group>
    <variant frequency="1" name="Celtic-Tunic-Sleeveles-01">
      <textures>
        <texture file="skeletal/gaul/tunic_sleeveless_01_01.png" name="baseTex"/>
      </textures>
    </variant>
    <variant frequency="1" name="Celtic-Tunic-Sleeveles-02">
      <textures>
        <texture file="skeletal/gaul/tunic_sleeveless_01_02.png" name="baseTex"/>
      </textures>
    </variant>
    <variant frequency="1" name="Celtic-Tunic-Sleeveles-03">
      <textures>
        <texture file="skeletal/gaul/tunic_sleeveless_01_03.png" name="baseTex"/>
      </textures>
    </variant>
    <variant frequency="1" name="Celtic-Tunic-Sleeveles-04">
      <textures>
        <texture file="skeletal/gaul/tunic_sleeveless_01_04.png" name="baseTex"/>
      </textures>
    </variant>
    <variant frequency="1" name="Celtic-Tunic-Sleeveles-05">
      <textures>
        <texture file="skeletal/gaul/tunic_sleeveless_01_05.png" name="baseTex"/>
      </textures>
    </variant>
  </group>
  <group>
    <variant file="biped/rider/cavalry/base_javelin_relax.xml" frequency="1" name="Javelinist-Relax"/>
    <variant file="biped/rider/carry_meat.xml"/>
  </group>
  <group>
    <variant frequency="1" name="Idle"/>
    <variant file="biped/rider/cavalry/attack_ranged_javelin.xml"/>
    <variant file="biped/rider/promotion_shield.xml"/>
    <variant file="biped/rider/attack_slaughter_shield_celt.xml"/>
    <variant file="biped/gather_meat.xml"/>
    <variant file="biped/rider/death_ranged.xml"/>
  </group>
  <group>
    <variant>
      <textures>
        <texture file="default_norm.png" name="normTex"/>
        <texture file="null_black.dds" name="specTex"/>
      </textures>
    </variant>
  </group>
  <material>player_trans_norm_spec.xml</material>
</actor>
