<?xml version="1.0" encoding="utf-8"?>
<actor version="1">
  <castshadow/>
  <group>
    <variant frequency="1" name="Base">
      <mesh>skeletal/new/m_pants.dae</mesh>
      <props>
        <prop actor="props/units/heads/new/head_celt.xml" attachpoint="head"/>
        <prop actor="props/units/weapons/spear.xml" attachpoint="weapon_R"/>
        <prop actor="props/units/capes/rider/cape_long_gaul.xml" attachpoint="root"/>
      </props>
    </variant>
  </group>
  <group>
    <variant frequency="1" name="Celt-Shield-01">
      <props>
        <prop actor="props/units/shields/gaul_shield_spear_oval_b_01.xml" attachpoint="shield"/>
      </props>
    </variant>
    <variant frequency="1" name="Celt-Shield-02">
      <props>
        <prop actor="props/units/shields/gaul_shield_spear_oval_b_01.xml" attachpoint="shield"/>
      </props>
    </variant>
    <variant frequency="1" name="Celt-Shield-03">
      <props>
        <prop actor="props/units/shields/gaul_shield_spear_hex_a_01.xml" attachpoint="shield"/>
      </props>
    </variant>
  </group>
  <group>
    <variant name="Celt-Pants-02">
      <textures>
        <texture file="skeletal/gaul/pants_basic_01.png" name="baseTex"/>
      </textures>
    </variant>
    <variant name="Celt-Pants-03">
      <textures>
        <texture file="skeletal/gaul/pants_basic_05.png" name="baseTex"/>
      </textures>
    </variant>
    <variant name="Celt-Pants-06">
      <textures>
        <texture file="skeletal/gaul/pants_basic_04.png" name="baseTex"/>
      </textures>
    </variant>
  </group>
  <group>
    <variant file="biped/rider/cavalry/base_spearman_relax_shield_aspis_reverse.xml" name="Spearman-Relax-Shield-Aspis-Reverse" frequency="1"/>
    <variant file="biped/rider/carry_meat.xml"/>
  </group>
  <group>
     <variant frequency="1" name="Idle"/>
    <variant file="biped/rider/attack_slaughter_shield_hele.xml"/>
    <variant file="biped/rider/promotion_shield.xml"/>
    <variant file="biped/gather_meat.xml"/>
    <variant file="biped/rider/death_aspis.xml"/>
  </group>
  <group>
    <variant>
      <textures>
        <texture file="default_norm.png" name="normTex"/>
        <texture file="null_black.dds" name="specTex"/>
      </textures>
    </variant>
  </group>
  <material>player_trans_norm_spec.xml</material>
</actor>
