<?xml version="1.0" encoding="utf-8"?>
<actor version="1">
  <castshadow/>
  <group>
    <variant frequency="1" name="Base">
      <mesh>skeletal/new/m_armor_pants_tunic_long.dae</mesh>
      <props>
        <prop actor="props/units/heads/new/head_celt.xml" attachpoint="head"/>
        <prop actor="props/units/weapons/axe_double.xml" attachpoint="weapon_R"/>
        <prop actor="props/units/capes/cape_long_gaul.xml" attachpoint="root"/>
      </props>
    </variant>
  </group>
  <group>
    <variant frequency="1" name="Celt-Shield-A-Boss">
      <props>
        <prop actor="props/units/shields/gaul_shield_cav_sw_oval_a_03.xml" attachpoint="shield"/>
      </props>
    </variant>
    <variant frequency="1" name="Celt-Shield-B-Boss">
      <props>
        <prop actor="props/units/shields/gaul_shield_spear_oval_b_03.xml" attachpoint="shield"/>
      </props>
    </variant>
    <variant frequency="1" name="Celt-Shield-C-Boss">
      <props>
        <prop actor="props/units/shields/gaul_shield_spear_oval_c_03.xml" attachpoint="shield"/>
      </props>
    </variant>
  </group>
  <group>
    <variant frequency="1" name="Celtic Montefortino Helmet-01">
      <props>
        <prop actor="props/units/helmets/celt_helmet_montefortino_01.xml" attachpoint="helmet"/>
      </props>
    </variant>
    <variant frequency="1" name="Celtic Montefortino Helmet-02">
      <props>
        <prop actor="props/units/helmets/celt_helmet_montefortino_02.xml" attachpoint="helmet"/>
      </props>
    </variant>
    <variant frequency="1" name="Celtic Montefortino Helmet-03">
      <props>
        <prop actor="props/units/helmets/celt_helmet_montefortino_03.xml" attachpoint="helmet"/>
      </props>
    </variant>
    <variant frequency="1" name="Celtic Ciumesti Helmet-01">
      <props>
        <prop actor="props/units/helmets/celt_helmet_ciumesti_01.xml" attachpoint="helmet"/>
      </props>
    </variant>
    <variant frequency="1" name="Celtic Ciumesti Helmet-02">
      <props>
        <prop actor="props/units/helmets/celt_helmet_ciumesti_02.xml" attachpoint="helmet"/>
      </props>
    </variant>
  </group>
  <group>
    <variant frequency="1" name="chainmail-2a">
      <mesh>skeletal/new/m_armor_pants.dae</mesh>
      <textures>
        <texture file="skeletal/celt/chainmail_02_01.png" name="baseTex"/>
        <texture file="skeletal/celt/chainmail_02_spec.png" name="specTex"/>
        <texture file="default_norm.png" name="normTex"/>
      </textures>
    </variant>
    <variant frequency="1" name="chainmail-2b">
      <mesh>skeletal/new/m_armor_pants.dae</mesh>
      <textures>
        <texture file="skeletal/celt/chainmail_02_02.png" name="baseTex"/>
        <texture file="skeletal/celt/chainmail_02_spec.png" name="specTex"/>
        <texture file="default_norm.png" name="normTex"/>
      </textures>
    </variant>
    <variant frequency="1" name="chainmail-2c">
      <mesh>skeletal/new/m_armor_pants.dae</mesh>
      <textures>
        <texture file="skeletal/celt/chainmail_02_03.png" name="baseTex"/>
        <texture file="skeletal/celt/chainmail_02_spec.png" name="specTex"/>
        <texture file="default_norm.png" name="normTex"/>
      </textures>
    </variant>
    <variant frequency="1" name="chainmail-3a">
      <textures>
        <texture file="skeletal/celt/chainmail_03_01.png" name="baseTex"/>
        <texture file="skeletal/celt/chainmail_03_spec.png" name="specTex"/>
        <texture file="default_norm.png" name="normTex"/>
      </textures>
    </variant>
    <variant frequency="1" name="chainmail-3b">
      <textures>
        <texture file="skeletal/celt/chainmail_03_02.png" name="baseTex"/>
        <texture file="skeletal/celt/chainmail_03_spec.png" name="specTex"/>
        <texture file="default_norm.png" name="normTex"/>
      </textures>
    </variant>
    <variant frequency="1" name="chainmail-3c">
      <textures>
        <texture file="skeletal/celt/chainmail_03_03.png" name="baseTex"/>
        <texture file="skeletal/celt/chainmail_03_spec.png" name="specTex"/>
        <texture file="default_norm.png" name="normTex"/>
      </textures>
    </variant>
  </group>
  <group>
    <variant file="biped/base_swordsman_shield_relax_celt.xml" name="Swordsman-Shield-Relax"/>
    <variant file="biped/carry_food.xml"/>
    <variant file="biped/carry_meat.xml"/>
    <variant file="biped/carry_wood.xml"/>
    <variant file="biped/carry_stone.xml"/>
    <variant file="biped/carry_metal.xml"/>
    <variant file="biped/approach_tree.xml"/>
    <variant file="biped/approach_grain.xml"/>
    <variant file="biped/approach_fruit.xml"/>
    <variant file="biped/approach_meat.xml"/>
    <variant file="biped/approach_rock.xml"/>
    <variant file="biped/approach_ore.xml"/>
    <variant file="biped/approach_ruins.xml"/>
    <variant file="biped/approach_praise.xml"/>
  </group>
  <group>
    <variant frequency="1" name="Idle"/>
    <variant file="biped/attack_capture.xml"/>
    <variant file="biped/attack_slaughter.xml"/>
    <variant file="biped/gather_tree.xml"/>
    <variant file="biped/gather_grain.xml"/>
    <variant file="biped/gather_fruit.xml"/>
    <variant file="biped/gather_meat.xml"/>
    <variant file="biped/gather_rock.xml"/>
    <variant file="biped/gather_ore.xml"/>
    <variant file="biped/gather_ruins.xml"/>
    <variant file="biped/gather_praise.xml"/>
    <variant file="biped/build.xml"/>
    <variant file="biped/build_farm.xml"/>
    <variant file="biped/death_cape_gaul.xml"/>
  </group>
  <material>player_trans_norm_spec.xml</material>
</actor>
