{
	"type": "range",
	"radius": 30,
	"affects": ["Soldier"],
	"affectedPlayers": ["Enemy"],
	"modifications": [
		{ "value": "Attack/Capture/Capture", "multiply": 0.9 },
		{ "value": "UnitMotion/WalkSpeed", "multiply": 0.9 },
		{ "value": "Attack/Melee/RepeatTime", "multiply": 0.9}
		
	],
	"auraName": "Intimidating Sound",
	"showDescription": 1,
	"auraDescription": "Enemy Soldiers 10% less capture attack, movement speed and attack repeat time.",
	"overlayIcon": "art/textures/ui/session/auras/broken_sword.png"
}
