{
	"type": "range",
	"radius": 30,
	"affects": ["Soldier"],
	"modifications": [
		{ "value": "Attack/Melee/Damage/Hack", "multiply": 1.1 },
		{ "value": "Attack/Melee/Damage/Pierce", "multiply": 1.1 },
		{ "value": "Attack/Melee/Damage/Crush", "multiply": 1.1 },
		{ "value": "Promotion/RequiredXp", "multiply": 0.75 }
	],
	"auraName": "Combat Leadership",
	"showDescription": 1,
	"auraDescription": "Melee Soldiers +10% attack damage and all Soldiers −25% experience points for promotion.",
	"overlayIcon": "art/textures/ui/session/auras/attack_bonus.png"
}
