{
	"type": "garrison",
	"affects": ["Structure", "!ImperialMinistry"],
	"modifications": [
		{
			"value": "Researcher/TechCostMultiplier/wood",
			"multiply": 0.97
		},
		{
			"value": "Researcher/TechCostMultiplier/food",
			"multiply": 0.97
		},
		{
			"value": "Researcher/TechCostMultiplier/metal",
			"multiply": 0.97
		},
		{
			"value": "Researcher/TechCostMultiplier/stone",
			"multiply": 0.97
		},
		{
			"value": "Researcher/TechCostMultiplier/time",
			"multiply": 0.97
		}
	],
	"auraName": "Obsolete? (Excellency of Works)",
	"showDescription": 1,
	"auraDescription": "Decrease resource costs and research time of technologies in a building by 3% for each Minister garrisoned within.",
	"stackable": true
}
