{
	"type": "range",
	"radius": 3.5,
	"affects": ["Spearman !Cavalry"],
	"modifications": [
		{ "value": "Promotion/RequiredXp", "multiply": 0.98 },
		{ "value": "Attack/Melee/Damage/Pierce", "multiply": 1.02},
		{ "value": "Resistance/Entity/Damage/Hack", "add": 1 },
		{ "value": "UnitMotion/WalkSpeed", "multiply": 0.98 }
	
	],
	"auraName": "phalanx",
	"showDescription": 1,
	"auraDescription": "Spearman promote 2% faster, gain 1 Hack resistance and 2% pierce damage, but walk speed reduced by 2%",
	"overlayIcon": "art/textures/ui/session/auras/buildgather_bonus.png",
	"stackable": false
}
