{
	"type": "range",
	"radius": 4,
	"affects": ["Spearman !Cavalry"],
	"modifications": [
		{ "value": "Promotion/RequiredXp", "multiply": 0.97 },
		{ "value": "Attack/Melee/Damage/Pierce", "multiply": 1.05},
		{ "value": "Resistance/Entity/Damage/Hack", "add": 1.5 },
		{ "value": "UnitMotion/WalkSpeed", "multiply": 0.99 }
	
	],
	"auraName": "phalanx",
	"showDescription": 1,
	"auraDescription": "Spearman promote 3% faster, gain 1.5 hack resitance and 5% pierce damage, but walk speed reduced by 1%",
	"overlayIcon": "art/textures/ui/session/auras/buildgather_bonus.png",
	"stackable": false
}
