<?xml version="1.0" encoding="utf-8"?>
<actor version="1">
  <castshadow/>
  <group>
    <variant frequency="1" name="Base">
      <mesh>skeletal/new/m_armor_tunic_long.dae</mesh>
      <props>
        <prop actor="props/units/heads/new/head_pers_a.xml" attachpoint="head"/>
        <prop actor="props/units/helmets/pers_kidaris_tied.xml" attachpoint="helmet"/>
        <prop actor="props/units/weapons/spear_ball.xml" attachpoint="weapon_R"/>
        <prop actor="props/units/capes/rider/cape_med_player.xml" attachpoint="root"/>
      </props>
    </variant>
  </group>
  <group>
    <variant frequency="1" name="Arab-Padded-1a">
      <textures>
        <texture file="skeletal/arab/padded_01_01.png" name="baseTex"/>
      </textures>
    </variant>
    <variant frequency="1" name="Arab-Padded-1b">
      <textures>
        <texture file="skeletal/arab/padded_01_02.png" name="baseTex"/>
      </textures>
    </variant>
    <variant frequency="1" name="Arab-Padded-1c">
      <textures>
        <texture file="skeletal/arab/padded_01_03.png" name="baseTex"/>
      </textures>
    </variant>
  </group>
  <group>
     <variant file="biped/rider/cavalry/base_spearman_ready.xml" name="Spearman-Ready" frequency="1"/>
    <variant file="biped/rider/carry_meat.xml"/>
  </group>
  <group>
    <variant frequency="1" name="Idle"/>
    <variant file="biped/rider/promotion.xml"/>
    <variant file="biped/rider/attack_slaughter_pers.xml"/>
    <variant file="biped/gather_meat.xml"/>
    <variant file="biped/rider/death.xml"/>
  </group>
  <group>
    <variant>
      <textures>
        <texture file="default_norm.png" name="normTex"/>
        <texture file="null_black.dds" name="specTex"/>
      </textures>
    </variant>
  </group>
  <material>player_trans_norm_spec.xml</material>
</actor>
