<?xml version="1.0" encoding="utf-8"?>
<actor version="1">
  <castshadow/>
  <group>
    <variant>
      <mesh>skeletal/camel.dae</mesh>
      <props>
        <prop actor="units/persians/camel_spear_b_r.xml" attachpoint="rider"/>
        <prop actor="props/camel/camel_rein.xml" attachpoint="root"/>
        <prop actor="props/camel/camel_blanket.xml" attachpoint="root"/>
        <prop actor="props/camel/teeths.xml" attachpoint="mouth_bot"/>
      </props>
    </variant>
  </group>
  <group>
    <variant frequency="3" name="Dark Brown">
      <textures>
        <texture file="skeletal/animal_camel_a_belt.png" name="baseTex"/>
      </textures>
    </variant>
    <variant frequency="3" name="Beige">
      <textures>
        <texture file="skeletal/animal_camel_b_belt.png" name="baseTex"/>
      </textures>
    </variant>
    <variant frequency="3" name="Light Brown">
      <textures>
        <texture file="skeletal/animal_camel_c_belt.png" name="baseTex"/>
      </textures>
    </variant>
  </group>
  <group>
    <variant file="quadraped/base_camel_mount.xml"/>
    <variant file="quadraped/base_camel_run.xml"/>
    <variant file="quadraped/base_camel_death.xml"/>
    <variant file="quadraped/base_camel_gather_meat.xml" name="gather_meat">
      <props>
        <prop actor="units/persians/camel_spear_b_r.xml" attachpoint="rider_L"/>
      </props>
    </variant>
  </group>
  <group>
    <variant>
      <textures>
        <texture file="default_norm.png" name="normTex"/>
        <texture file="null_black.dds" name="specTex"/>
      </textures>
    </variant>
  </group>
  <material>no_trans_norm_spec.xml</material>
</actor>
