<?xml version="1.0" encoding="utf-8"?>
<actor version="1">
  <castshadow/>
  <group>
    <variant frequency="1" name="Base">
      <mesh>skeletal/new/m_tunic_long.dae</mesh>
      <props>
        <prop actor="props/units/heads/new/head_pers_a.xml" attachpoint="head"/>
        <prop actor="props/units/helmets/headband_generic.xml" attachpoint="helmet"/>
        <prop actor="props/units/weapons/bow_recurve.xml" attachpoint="weapon_bow"/>
      </props>
    </variant>
  </group>
  <group>
    <variant frequency="1" name="robes_03_01">
      <textures>
        <texture file="skeletal/arab/robes_03_01.png" name="baseTex"/>
      </textures>
    </variant>
    <variant frequency="1" name="robes_03_02">
      <textures>
        <texture file="skeletal/arab/robes_03_02.png" name="baseTex"/>
      </textures>
    </variant>
    <variant frequency="1" name="robes_03_03">
      <textures>
        <texture file="skeletal/arab/robes_03_03.png" name="baseTex"/>
      </textures>
    </variant>
    <variant frequency="1" name="judea-tunic-1a">
      <textures>
        <texture file="skeletal/jude/tunic_01_01.png" name="baseTex"/>
      </textures>
    </variant>
    <variant frequency="1" name="judea-tunic-1b">
      <textures>
        <texture file="skeletal/jude/tunic_01_02.png" name="baseTex"/>
      </textures>
    </variant>
    <variant frequency="1" name="judea-tunic-1c">
      <textures>
        <texture file="skeletal/jude/tunic_02_01.png" name="baseTex"/>
      </textures>
    </variant>
    <variant frequency="1" name="judea-tunic-1d">
      <textures>
        <texture file="skeletal/jude/tunic_03_01.png" name="baseTex"/>
      </textures>
    </variant>
  </group>
  <group>
    <variant file="biped/rider/camelry/base_archer_relax.xml"/>
    <variant file="biped/rider/camelry/carry_meat.xml"/>
  </group>
  <group>
    <variant frequency="1" name="Idle"/>
    <variant file="biped/rider/camelry/promotion.xml"/>
    <variant file="biped/rider/camelry/attack_ranged_archer_right.xml"/>
    <variant file="biped/rider/camelry/attack_slaughter.xml"/>
    <variant file="biped/rider/camelry/gather_meat.xml"/>
  </group>
  <group>
    <variant>
      <textures>
        <texture file="default_norm.png" name="normTex"/>
        <texture file="null_black.dds" name="specTex"/>
      </textures>
    </variant>
  </group>
  <material>player_trans_norm_spec.xml</material>
</actor>
