<?xml version="1.0" encoding="utf-8"?>
<actor version="1">
  <castshadow/>
  <group>
    <variant frequency="1" name="Base">
      <mesh>skeletal/new/m_tunic_long.dae</mesh>
      <props>
        <prop actor="props/units/shields/pers_tower.xml" attachpoint="shield"/>
        <prop actor="props/units/weapons/axe_double.xml" attachpoint="weapon_R"/>
      </props>
    </variant>
  </group>
  <group>
    <variant name="kidaris-tied-yellow-a">
      <props>
        <prop actor="props/units/heads/new/head_pers_tiara_y.xml" attachpoint="head"/>
        <prop actor="props/units/helmets/pers_kidaris_tied_yellow.xml" attachpoint="helmet"/>
      </props>
    </variant>
    <variant name="kidaris-tied-yellow-b">
      <props>
        <prop actor="props/units/heads/new/head_pers_tiara_y.xml" attachpoint="head"/>
      </props>
    </variant>
    <variant name="kidaris-tied-white-a">
      <props>
        <prop actor="props/units/heads/new/head_pers_tiara.xml" attachpoint="head"/>
        <prop actor="props/units/helmets/pers_kidaris_tied.xml" attachpoint="helmet"/>
      </props>
    </variant>
    <variant name="kidaris-tied-white-b">
      <props>
        <prop actor="props/units/heads/new/head_pers_tiara.xml" attachpoint="head"/>
      </props>
    </variant>
  </group>
  <group>
    <variant frequency="1" name="tunic-basic-1a">
      <textures>
        <texture file="skeletal/pers/tunic_basic_01_01.png" name="baseTex"/>
      </textures>
    </variant>
    <variant frequency="1" name="tunic-basic-1b">
      <textures>
        <texture file="skeletal/pers/tunic_basic_01_02.png" name="baseTex"/>
      </textures>
    </variant>
    <variant frequency="1" name="tunic-basic-1c">
      <textures>
        <texture file="skeletal/pers/tunic_basic_01_03.png" name="baseTex"/>
      </textures>
    </variant>
    <variant frequency="1" name="tunic-basic-1d">
      <textures>
        <texture file="skeletal/pers/tunic_basic_01_04.png" name="baseTex"/>
      </textures>
    </variant>
    <variant frequency="1" name="tunic-basic-1e">
      <textures>
        <texture file="skeletal/pers/tunic_basic_01_05.png" name="baseTex"/>
      </textures>
    </variant>
    <variant frequency="1" name="tunic-basic-1f">
      <textures>
        <texture file="skeletal/pers/tunic_basic_01_06.png" name="baseTex"/>
      </textures>
    </variant>
    <variant frequency="1" name="tunic-basic-1g">
      <textures>
        <texture file="skeletal/pers/tunic_basic_01_07.png" name="baseTex"/>
      </textures>
    </variant>
    <variant frequency="1" name="tunic-basic-1h">
      <textures>
        <texture file="skeletal/pers/tunic_basic_01_08.png" name="baseTex"/>
      </textures>
    </variant>
  </group>
  <group>
    <variant file="biped/base_swordsman_shield_relax.xml"/>
    <variant file="biped/carry_food.xml"/>
    <variant file="biped/carry_meat.xml"/>
    <variant file="biped/carry_wood.xml"/>
    <variant file="biped/carry_stone.xml"/>
    <variant file="biped/carry_metal.xml"/>
    <variant file="biped/approach_tree.xml"/>
    <variant file="biped/approach_grain.xml"/>
    <variant file="biped/approach_fruit.xml"/>
    <variant file="biped/approach_meat.xml"/>
    <variant file="biped/approach_rock.xml"/>
    <variant file="biped/approach_ore.xml"/>
    <variant file="biped/approach_ruins.xml"/>
    <variant file="biped/approach_praise.xml"/>
  </group>
  <group>
    <variant frequency="1" name="Idle"/>
    <variant file="biped/attack_capture.xml"/>
    <variant file="biped/attack_slaughter.xml"/>
    <variant file="biped/gather_tree.xml"/>
    <variant file="biped/gather_grain.xml"/>
    <variant file="biped/gather_fruit.xml"/>
    <variant file="biped/gather_meat.xml"/>
    <variant file="biped/gather_rock.xml"/>
    <variant file="biped/gather_ore.xml"/>
    <variant file="biped/gather_ruins.xml"/>
    <variant file="biped/gather_praise.xml"/>
    <variant file="biped/build.xml"/>
    <variant file="biped/build_farm.xml"/>
    <variant file="biped/death_infantry.xml"/>
  </group>
  <group>
    <variant>
      <textures>
        <texture file="default_norm.png" name="normTex"/>
        <texture file="null_black.dds" name="specTex"/>
      </textures>
    </variant>
  </group>
  <material>player_trans_norm_spec.xml</material>
</actor>
