{
	"Name": "salad bowl",
	"Data": {
		"Action": "createunits",
		"DefaultParameter": 13,
		"isNumeric": true,
		"Templates": [
			"units/athen/infantry_spearman_b",
			"units/brit/infantry_spearman_b",
			"units/cart/infantry_spearman_b",
			"units/gaul/infantry_spearman_b",
			"units/iber/infantry_spearman_b",
			"units/kush/infantry_spearman_b",
			"units/mace/infantry_pikeman_b",
			"units/maur/infantry_spearman_b",
			"units/pers/infantry_spearman_b",
			"units/ptol/infantry_pikeman_b",
			"units/rome/infantry_spearman_b",
			"units/sele/infantry_spearman_b",
			"units/spart/infantry_spearman_b"
		]
	}
}
