{
	"type": "global",
	"affects": ["Melee Cavalry"],
	"modifications": [
		{ "value": "Health/Max", "multiply": 1.1 },
		{ "value": "Resistance/Entity/Damage/Hack", "add": 1 },
		{ "value": "Resistance/Entity/Damage/Pierce", "add": 1 },
		{ "value": "Resistance/Entity/Damage/Crush", "add": 1 }
	],
	"auraName": "Commander of Heavy Cavalry",
	"showDescription": 1,
	"auraDescription": "Leader of the Carthaginian heavy cavalry at Trebia and Cannae, where his triple charge had devastating effects on the enemy.\nMelee Cavalry +1 crush, hack, pierce resistance and +10% health."
}
