{
	"type": "global",
	"affects": ["Human", "Siege"],
	"modifications": [
		{ "value": "Resistance/Entity/Damage/Hack", "add": 1 },
		{ "value": "Resistance/Entity/Damage/Pierce", "add": 1 },
		{ "value": "Resistance/Entity/Damage/Crush", "add": 1 }
	],
	"auraName": "Founder and Defender of the Republic",
	"showDescription": 1,
	"auraDescription": "Brutus was one of the key figures in the overthrow of the monarchy and the founding of the Roman Republic. Later, as consul he led a Roman army to victory against the Etruscan King Tarquinius who sought to retake the throne.\nHumans and Siege Engines +1 crush, hack, pierce resistance."
}
