{
	"type": "global",
	"affects": ["Elephant Champion"],
	"modifications": [
		{ "value": "Cost/Resources/food", "multiply": 0.9 },
		{ "value": "Cost/Resources/wood", "multiply": 0.9 },
		{ "value": "Cost/Resources/stone", "multiply": 0.9 },
		{ "value": "Cost/Resources/metal", "multiply": 0.9 }
	],
	"auraName": "Basileus Megas",
	"showDescription": 1,
	"auraDescription": "Son of Seleucus Nicator, Antiochus succeeded in the formidable task of keeping the empire together, meanwhile founding temples and defeating the invading Gauls with war elephants.\nChampion Elephants −10% resource costs."
}
