{
	"type": "global",
	"affects": ["Temple"],
	"modifications": [
		{ "value": "Cost/Resources/food", "multiply": 0.9 },
		{ "value": "Cost/Resources/wood", "multiply": 0.9 },
		{ "value": "Cost/Resources/stone", "multiply": 0.9 },
		{ "value": "Cost/Resources/metal", "multiply": 0.9 },
		{ "value": "Researcher/TechCostMultiplier/food", "multiply": 0.9 },
		{ "value": "Researcher/TechCostMultiplier/wood", "multiply": 0.9 },
		{ "value": "Researcher/TechCostMultiplier/stone", "multiply": 0.9 },
		{ "value": "Researcher/TechCostMultiplier/metal", "multiply": 0.9 }
	],
	"auraName": "Founder of the Ezida Temple",
	"showDescription": 1,
	"auraDescription": "Antiochus I laid the foundation for the Ezida Temple in Borsippa.\nTemples −10% resource costs; Temple technologies −10% resource costs."
}
