<?xml version="1.0" encoding="utf-8"?>
<actor version="1">
  <castshadow/>
  <group>
    <variant frequency="1" name="Base">
      <mesh>skeletal/new/m_tunic_short.dae</mesh>
      <props>
        <prop actor="props/units/heads/head_kush_meroitic.xml" attachpoint="head"/>
        <prop actor="props/units/weapons/spear.xml" attachpoint="weapon_R"/>
        <prop actor="props/units/shields/kush_beja_rhino.xml" attachpoint="shield_arm"/>
      </props>
    </variant>
  </group>
  <group>
    <variant frequency="1" name="kush_barechested_01">
      <textures>
        <texture file="skeletal/kush/skirt_basic_01_01.png" name="baseTex"/>
        <texture file="skeletal/kush/skirt_basic_01_spec.png" name="specTex"/>
        <texture file="default_norm.png" name="normTex"/>
      </textures>
    </variant>
    <variant frequency="1" name="kush_barechested_02_lightskin">
      <props>
        <prop actor="props/units/heads/new/head_african_1.xml" attachpoint="head"/>
      </props>
      <textures>
        <texture file="skeletal/kush/skirt_basic_01_02.png" name="baseTex"/>
        <texture file="skeletal/kush/skirt_basic_01_spec.png" name="specTex"/>
        <texture file="default_norm.png" name="normTex"/>
      </textures>
    </variant>
    <variant frequency="1" name="kush_barechested_03">
      <textures>
        <texture file="skeletal/kush/skirt_basic_01_03.png" name="baseTex"/>
        <texture file="skeletal/kush/skirt_basic_01_spec.png" name="specTex"/>
        <texture file="default_norm.png" name="normTex"/>
      </textures>
    </variant>
    <variant frequency="1" name="kush_barechested_04_lightskin">
      <props>
        <prop actor="props/units/heads/new/head_african_1.xml" attachpoint="head"/>
      </props>
      <textures>
        <texture file="skeletal/kush/skirt_basic_01_04.png" name="baseTex"/>
        <texture file="skeletal/kush/skirt_basic_01_spec.png" name="specTex"/>
        <texture file="default_norm.png" name="normTex"/>
      </textures>
    </variant>
    <variant frequency="1" name="kush_barechested_05_lightskin">
      <props>
        <prop actor="props/units/heads/new/head_african_1.xml" attachpoint="head"/>
      </props>
      <textures>
        <texture file="skeletal/kush/skirt_basic_01_05.png" name="baseTex"/>
        <texture file="skeletal/kush/skirt_basic_01_spec.png" name="specTex"/>
        <texture file="default_norm.png" name="normTex"/>
      </textures>
    </variant>
    <variant frequency="1" name="kush_barechested_06">
      <textures>
        <texture file="skeletal/kush/skirt_basic_01_06.png" name="baseTex"/>
        <texture file="skeletal/kush/skirt_basic_01_spec.png" name="specTex"/>
        <texture file="default_norm.png" name="normTex"/>
      </textures>
    </variant>
  </group>
  <group>
    <variant file="biped/rider/cavalry/base_spearman_relax_01.xml" name="Spearman-Relax-01" frequency="1"/>
    <variant file="biped/rider/carry_meat.xml"/>
  </group>
  <group>
    <variant frequency="1" name="Idle"/>
    <variant file="biped/rider/promotion.xml"/>
    <variant file="biped/rider/attack_slaughter_kush.xml"/>
    <variant file="biped/gather_meat.xml"/>
    <variant file="biped/rider/death.xml"/>
  </group>
  <material>player_trans_norm_spec.xml</material>
</actor>
