<?xml version="1.0" encoding="utf-8"?>
<actor version="1">
  <castshadow/>
  <group>
    <variant frequency="1" name="Base">
      <mesh>skeletal/new/m_tunic_short.dae</mesh>
      <props>
        <prop actor="props/units/heads/head_kush_meroitic.xml" attachpoint="head"/>
        <prop actor="props/units/weapons/jav_ammo.xml" attachpoint="ammo"/>
      </props>
    </variant>
  </group>
  <group>
    <variant frequency="1" name="Earrings">
      <props>
        <prop actor="props/units/heads/maur_earrings_1.xml" attachpoint="helmet"/>
      </props>
    </variant>
    <variant frequency="1" name="No Earrings">
      <props>
        <prop actor="" attachpoint="helmet"/>
      </props>
    </variant>
  </group>
  <group>
    <variant frequency="1" name="kush_cav_javelinist_01">
      <textures>
        <texture file="skeletal/kush/tunic_basic_02_01.png" name="baseTex"/>
        <texture file="skeletal/kush/tunic_basic_02_spec.png" name="specTex"/>
        <texture file="default_norm.png" name="normTex"/>
      </textures>
    </variant>
    <variant frequency="1" name="kush_cav_javelinist_02_lightskin">
      <props>
        <prop actor="props/units/heads/new/head_african_1.xml" attachpoint="head"/>
      </props>
      <textures>
        <texture file="skeletal/kush/tunic_basic_02_02.png" name="baseTex"/>
        <texture file="skeletal/kush/tunic_basic_02_spec.png" name="specTex"/>
        <texture file="default_norm.png" name="normTex"/>
      </textures>
    </variant>
    <variant frequency="1" name="kush_cav_javelinist_03_lightskin">
      <props>
        <prop actor="props/units/heads/new/head_african_1.xml" attachpoint="head"/>
      </props>
      <textures>
        <texture file="skeletal/kush/tunic_basic_02_03.png" name="baseTex"/>
        <texture file="skeletal/kush/tunic_basic_02_spec.png" name="specTex"/>
        <texture file="default_norm.png" name="normTex"/>
      </textures>
    </variant>
    <variant frequency="1" name="kush_cav_javelinist_04">
      <textures>
        <texture file="skeletal/kush/tunic_advanced_01_01.png" name="baseTex"/>
        <texture file="skeletal/kush/tunic_advanced_01_spec.png" name="specTex"/>
        <texture file="default_norm.png" name="normTex"/>
      </textures>
    </variant>
    <variant frequency="1" name="kush_cav_javelinist_05">
      <textures>
        <texture file="skeletal/kush/tunic_advanced_01_02.png" name="baseTex"/>
        <texture file="skeletal/kush/tunic_advanced_01_spec.png" name="specTex"/>
        <texture file="default_norm.png" name="normTex"/>
      </textures>
    </variant>
    <variant frequency="1" name="kush_cav_javelinist_06_lightskin">
      <props>
        <prop actor="props/units/heads/new/head_african_1.xml" attachpoint="head"/>
      </props>
      <textures>
        <texture file="skeletal/kush/tunic_advanced_01_03.png" name="baseTex"/>
        <texture file="skeletal/kush/tunic_advanced_01_spec.png" name="specTex"/>
        <texture file="default_norm.png" name="normTex"/>
      </textures>
    </variant>
  </group>
  <group>
    <variant file="biped/rider/cavalry/base_javelin_relax.xml" name="Javelinist-Relax" frequency="1"/>
    <variant file="biped/rider/carry_meat.xml"/>
  </group>
  <group>
    <variant frequency="1" name="Idle"/>
    <variant file="biped/rider/cavalry/attack_ranged_javelin.xml"/>
    <variant file="biped/rider/promotion_shield.xml"/>
    <variant file="biped/rider/attack_slaughter_shield_kush.xml"/>
    <variant file="biped/gather_meat.xml"/>
    <variant file="biped/rider/death_ranged.xml"/>
  </group>
  <material>player_trans_norm_spec.xml</material>
</actor>
